setting,duration,pooling,pooling_display,tag,ap,pr_auc,roc_auc,support_pos_eval,train_count,setting_display
dur_0.5_attention,0.5,attention,heuristic_attention,ambient,0.6592819255986273,0.6569172526253062,0.8781563336658093,86,1506,0.5s_heuristic_attention
dur_0.5_max,0.5,max,max,ambient,0.6585537160160961,0.653876989446278,0.8726704813900993,86,1506,0.5s_max
dur_0.5_mean,0.5,mean,mean,ambient,0.648835076280033,0.6463760431499816,0.8746390886660718,86,1506,0.5s_mean
dur_1.0_attention,1.0,attention,heuristic_attention,ambient,0.7999063273647231,0.7975967826350309,0.9433566066460182,86,1506,1.0s_heuristic_attention
dur_1.0_max,1.0,max,max,ambient,0.7696598508235513,0.7672672271740845,0.9331985931020002,86,1506,1.0s_max
dur_1.0_mean,1.0,mean,mean,ambient,0.7984226728501034,0.7961678647236865,0.9434091028400441,86,1506,1.0s_mean
dur_2.0_attention,2.0,attention,heuristic_attention,ambient,0.8190954151642331,0.8167955911571008,0.9526221848915953,86,1506,2.0s_heuristic_attention
dur_2.0_max,2.0,max,max,ambient,0.8081880969659835,0.8061127849426033,0.9442227938474459,86,1506,2.0s_max
dur_2.0_mean,2.0,mean,mean,ambient,0.8189207256265132,0.8168348180404191,0.9534883720930232,86,1506,2.0s_mean
dur_4.0_attention,4.0,attention,heuristic_attention,ambient,0.8229516095973642,0.8207212400718992,0.9554044831749698,86,1506,4.0s_heuristic_attention
dur_4.0_max,4.0,max,max,ambient,0.8236957640191347,0.8221037874836203,0.9530421544438028,86,1506,4.0s_max
dur_4.0_mean,4.0,mean,mean,ambient,0.8237177599288161,0.8215556693412177,0.9567693842196442,86,1506,4.0s_mean
dur_8.0_attention,8.0,attention,heuristic_attention,ambient,0.8249174963472137,0.8226281024557778,0.9559294451152291,86,1506,8.0s_heuristic_attention
dur_8.0_max,8.0,max,max,ambient,0.8459812316234742,0.8443503397935785,0.9622027403013282,86,1506,8.0s_max
dur_8.0_mean,8.0,mean,mean,ambient,0.8264447710569894,0.8238158036563321,0.957661819518085,86,1506,8.0s_mean
dur_0.5_attention,0.5,attention,heuristic_attention,beat,0.6863534325957679,0.6797641616185714,0.933836777954425,85,1554,0.5s_heuristic_attention
dur_0.5_max,0.5,max,max,beat,0.6671674541577731,0.6586390160233624,0.9126391096979332,85,1554,0.5s_max
dur_0.5_mean,0.5,mean,mean,beat,0.6819024575067112,0.6756758855295384,0.93232644409115,85,1554,0.5s_mean
dur_1.0_attention,1.0,attention,heuristic_attention,beat,0.7198983824942706,0.7144042800756917,0.9447270800211978,85,1554,1.0s_heuristic_attention
dur_1.0_max,1.0,max,max,beat,0.7444908639368891,0.7421658690570891,0.9355325914149444,85,1554,1.0s_max
dur_1.0_mean,1.0,mean,mean,beat,0.7177842426836214,0.7120291567518064,0.9450185479597243,85,1554,1.0s_mean
dur_2.0_attention,2.0,attention,heuristic_attention,beat,0.7253802247908894,0.7193307188317413,0.9465818759936406,85,1554,2.0s_heuristic_attention
dur_2.0_max,2.0,max,max,beat,0.7872432136529721,0.7857842257176741,0.9442766295707472,85,1554,2.0s_max
dur_2.0_mean,2.0,mean,mean,beat,0.7253437385036031,0.7196030629918353,0.9469528351881293,85,1554,2.0s_mean
dur_4.0_attention,4.0,attention,heuristic_attention,beat,0.7285522925946449,0.7231835637751127,0.9471383147853736,85,1554,4.0s_heuristic_attention
dur_4.0_max,4.0,max,max,beat,0.7955697534178272,0.793580876590051,0.9533386327503974,85,1554,4.0s_max
dur_4.0_mean,4.0,mean,mean,beat,0.7284959624518064,0.7226532235113088,0.9478007419183889,85,1554,4.0s_mean
dur_8.0_attention,8.0,attention,heuristic_attention,beat,0.729659809446974,0.7240519736623474,0.9471913089560149,85,1554,8.0s_heuristic_attention
dur_8.0_max,8.0,max,max,beat,0.7905945540327367,0.7886319270726827,0.954398516163222,85,1554,8.0s_max
dur_8.0_mean,8.0,mean,mean,beat,0.7289878619302932,0.7233439148355142,0.9475357710651828,85,1554,8.0s_mean
dur_0.5_attention,0.5,attention,heuristic_attention,beats,0.4492594345776364,0.4253352483581067,0.9315439672801635,40,519,0.5s_heuristic_attention
dur_0.5_max,0.5,max,max,beats,0.4503123188433388,0.43092479724267563,0.9131390593047034,40,519,0.5s_max
dur_0.5_mean,0.5,mean,mean,beats,0.45045682396642645,0.4308161306598548,0.9311349693251534,40,519,0.5s_mean
dur_1.0_attention,1.0,attention,heuristic_attention,beats,0.4588227877900994,0.43854841064820843,0.934560327198364,40,519,1.0s_heuristic_attention
dur_1.0_max,1.0,max,max,beats,0.4792369367698337,0.46118788454913745,0.9209100204498978,40,519,1.0s_max
dur_1.0_mean,1.0,mean,mean,beats,0.4576141087438902,0.4391211639775089,0.9355828220858896,40,519,1.0s_mean
dur_2.0_attention,2.0,attention,heuristic_attention,beats,0.4621757178725344,0.4424874409870666,0.9346114519427403,40,519,2.0s_heuristic_attention
dur_2.0_max,2.0,max,max,beats,0.4896918550860716,0.4728608066493481,0.9238241308793456,40,519,2.0s_max
dur_2.0_mean,2.0,mean,mean,beats,0.46330805906160333,0.4420406787846373,0.9348670756646217,40,519,2.0s_mean
dur_4.0_attention,4.0,attention,heuristic_attention,beats,0.4574920675420703,0.4371749044545226,0.933997955010225,40,519,4.0s_heuristic_attention
dur_4.0_max,4.0,max,max,beats,0.5072607401285103,0.4854614259740517,0.9330777096114519,40,519,4.0s_max
dur_4.0_mean,4.0,mean,mean,beats,0.4623931183528448,0.4436645572091031,0.9350715746421268,40,519,4.0s_mean
dur_8.0_attention,8.0,attention,heuristic_attention,beats,0.45766305501893423,0.43991276967343823,0.9326175869120654,40,519,8.0s_heuristic_attention
dur_8.0_max,8.0,max,max,beats,0.49207495414675406,0.4739886394011484,0.9348159509202454,40,519,8.0s_max
dur_8.0_mean,8.0,mean,mean,beats,0.4618131237986082,0.4437273325646874,0.9343558282208588,40,519,8.0s_mean
dur_0.5_attention,0.5,attention,heuristic_attention,cello,0.5585989919667518,0.5456779541240616,0.9456951366214126,23,478,0.5s_heuristic_attention
dur_0.5_max,0.5,max,max,cello,0.5793675111122786,0.5629256761975044,0.9451795841209829,23,478,0.5s_max
dur_0.5_mean,0.5,mean,mean,cello,0.5690956965954137,0.5593782288904547,0.9450936587042448,23,478,0.5s_mean
dur_1.0_attention,1.0,attention,heuristic_attention,cello,0.6354984176374513,0.6239126122076392,0.9651142808042619,23,478,1.0s_heuristic_attention
dur_1.0_max,1.0,max,max,cello,0.7178471385300028,0.7041181790189476,0.9737927478948273,23,478,1.0s_max
dur_1.0_mean,1.0,mean,mean,cello,0.6468011383078747,0.6337403379398694,0.965801684138168,23,478,1.0s_mean
dur_2.0_attention,2.0,attention,heuristic_attention,cello,0.6323199224404553,0.6197927291910277,0.963911324969926,23,478,2.0s_heuristic_attention
dur_2.0_max,2.0,max,max,cello,0.6929550411722813,0.6763720058010668,0.9729334937274445,23,478,2.0s_max
dur_2.0_mean,2.0,mean,mean,cello,0.6350108604062037,0.6216031563990791,0.9646846537205706,23,478,2.0s_mean
dur_4.0_attention,4.0,attention,heuristic_attention,cello,0.6227080179631359,0.6073486010096996,0.9628802199690669,23,478,4.0s_heuristic_attention
dur_4.0_max,4.0,max,max,cello,0.6707563404394734,0.6594436510023045,0.9664031620553359,23,478,4.0s_max
dur_4.0_mean,4.0,mean,mean,cello,0.6264973605581527,0.6202579950835552,0.963567623302973,23,478,4.0s_mean
dur_8.0_attention,8.0,attention,heuristic_attention,cello,0.6258159978802534,0.6149796546507192,0.9628802199690669,23,478,8.0s_heuristic_attention
dur_8.0_max,8.0,max,max,cello,0.6521706000956988,0.6410007786718104,0.9598728303832273,23,478,8.0s_max
dur_8.0_mean,8.0,mean,mean,cello,0.6248565138441192,0.613252183411132,0.9627942945523286,23,478,8.0s_mean
dur_0.5_attention,0.5,attention,heuristic_attention,choir,0.8551020003236187,0.8484271580546865,0.9688057040998218,34,530,0.5s_heuristic_attention
dur_0.5_max,0.5,max,max,choir,0.8674015857005738,0.8593745084700534,0.9705882352941176,34,530,0.5s_max
dur_0.5_mean,0.5,mean,mean,choir,0.8555442785542199,0.8500594323351337,0.9694592988710635,34,530,0.5s_mean
dur_1.0_attention,1.0,attention,heuristic_attention,choir,0.8578786294492212,0.8524223790692803,0.9685680332739156,34,530,1.0s_heuristic_attention
dur_1.0_max,1.0,max,max,choir,0.8566719765238732,0.8519139774214952,0.9613784907902555,34,530,1.0s_max
dur_1.0_mean,1.0,mean,mean,choir,0.8587196927137928,0.8535304061256075,0.9687462863933453,34,530,1.0s_mean
dur_2.0_attention,2.0,attention,heuristic_attention,choir,0.857630115982762,0.8545254460371081,0.9683303624480095,34,530,2.0s_heuristic_attention
dur_2.0_max,2.0,max,max,choir,0.8467958183040413,0.8414802578019667,0.9603089720736779,34,530,2.0s_max
dur_2.0_mean,2.0,mean,mean,choir,0.8590605296026343,0.855272809689567,0.968627450980392,34,530,2.0s_mean
dur_4.0_attention,4.0,attention,heuristic_attention,choir,0.8573822571447494,0.8535185869249955,0.9681521093285799,34,530,4.0s_heuristic_attention
dur_4.0_max,4.0,max,max,choir,0.836993465279002,0.8330797209179338,0.9575757575757576,34,530,4.0s_max
dur_4.0_mean,4.0,mean,mean,choir,0.8575009903774777,0.8541051225661467,0.9679144385026738,34,530,4.0s_mean
dur_8.0_attention,8.0,attention,heuristic_attention,choir,0.8574377476497829,0.8524848998765759,0.9686274509803923,34,530,8.0s_heuristic_attention
dur_8.0_max,8.0,max,max,choir,0.842816264749936,0.8382648876123375,0.961556743909685,34,530,8.0s_max
dur_8.0_mean,8.0,mean,mean,choir,0.8563774763684995,0.8513795868609427,0.9677956030897207,34,530,8.0s_mean
dur_0.5_attention,0.5,attention,heuristic_attention,choral,0.8062481961267828,0.7871982408401085,0.9914074583261729,23,387,0.5s_heuristic_attention
dur_0.5_max,0.5,max,max,choral,0.7392520683576007,0.7076204814131675,0.986681560405568,23,387,0.5s_max
dur_0.5_mean,0.5,mean,mean,choral,0.8107528701966743,0.7898366799922246,0.9914933837429112,23,387,0.5s_mean
dur_1.0_attention,1.0,attention,heuristic_attention,choral,0.801539214186764,0.7793588460559366,0.9900326516583605,23,387,1.0s_heuristic_attention
dur_1.0_max,1.0,max,max,choral,0.776573254559861,0.7571687619869916,0.9873689637394741,23,387,1.0s_max
dur_1.0_mean,1.0,mean,mean,choral,0.8032265900472499,0.7866878430185565,0.9903763533253136,23,387,1.0s_mean
dur_2.0_attention,2.0,attention,heuristic_attention,choral,0.8163671685650663,0.8037170665583429,0.9902045024918371,23,387,2.0s_heuristic_attention
dur_2.0_max,2.0,max,max,choral,0.7839657828581864,0.76437022531637,0.9872830383227359,23,387,2.0s_max
dur_2.0_mean,2.0,mean,mean,choral,0.8193986837240697,0.7984519307052695,0.9902045024918371,23,387,2.0s_mean
dur_4.0_attention,4.0,attention,heuristic_attention,choral,0.818126028083334,0.805059684967228,0.9905482041587902,23,387,4.0s_heuristic_attention
dur_4.0_max,4.0,max,max,choral,0.7816960306011234,0.760956891931136,0.9885719195738099,23,387,4.0s_max
dur_4.0_mean,4.0,mean,mean,choral,0.8146298612604955,0.79565111802183,0.990462278742052,23,387,4.0s_mean
dur_8.0_attention,8.0,attention,heuristic_attention,choral,0.8195742669159138,0.8010268383058538,0.990805980409005,23,387,8.0s_heuristic_attention
dur_8.0_max,8.0,max,max,choral,0.8310987411505649,0.8138211901974919,0.9896889499914074,23,387,8.0s_max
dur_8.0_mean,8.0,mean,mean,choral,0.8160169546629493,0.7973158150296131,0.9907200549922667,23,387,8.0s_mean
dur_0.5_attention,0.5,attention,heuristic_attention,classic,0.42622658599798957,0.40918609464278305,0.8925645872715817,46,567,0.5s_heuristic_attention
dur_0.5_max,0.5,max,max,classic,0.5255326066424171,0.5130587519846883,0.8939148438203258,46,567,0.5s_max
dur_0.5_mean,0.5,mean,mean,classic,0.4284978639077897,0.41496959693130414,0.8911693221712125,46,567,0.5s_mean
dur_1.0_attention,1.0,attention,heuristic_attention,classic,0.4410579630728298,0.4248028407901274,0.905437033036277,46,567,1.0s_heuristic_attention
dur_1.0_max,1.0,max,max,classic,0.5023048079187544,0.48505960758980954,0.9055720586911514,46,567,1.0s_max
dur_1.0_mean,1.0,mean,mean,classic,0.4396826262472033,0.42398218979084157,0.9042218021424071,46,567,1.0s_mean
dur_2.0_attention,2.0,attention,heuristic_attention,classic,0.440649453445009,0.42664114147832866,0.9051219731749032,46,567,2.0s_heuristic_attention
dur_2.0_max,2.0,max,max,classic,0.5272147196881201,0.5127600854926735,0.9116032046088757,46,567,2.0s_max
dur_2.0_mean,2.0,mean,mean,classic,0.43659395938220463,0.42076036794004873,0.9043568277972815,46,567,2.0s_mean
dur_4.0_attention,4.0,attention,heuristic_attention,classic,0.44758250410413675,0.43306267227848,0.9057070843460258,46,567,4.0s_heuristic_attention
dur_4.0_max,4.0,max,max,classic,0.55488274183725,0.5436208460225049,0.9156089657034836,46,567,4.0s_max
dur_4.0_mean,4.0,mean,mean,classic,0.4399136213885596,0.423114142440025,0.9042668106940319,46,567,4.0s_mean
dur_8.0_attention,8.0,attention,heuristic_attention,classic,0.4439683592034402,0.42684337677808054,0.9052569988297777,46,567,8.0s_heuristic_attention
dur_8.0_max,8.0,max,max,classic,0.5560891454848497,0.5470346307203496,0.9174093077684761,46,567,8.0s_max
dur_8.0_mean,8.0,mean,mean,classic,0.43811944149348686,0.4243645240309657,0.9035466738680349,46,567,8.0s_mean
dur_0.5_attention,0.5,attention,heuristic_attention,classical,0.8137914810584856,0.812185619123955,0.9115218115218116,165,3501,0.5s_heuristic_attention
dur_0.5_max,0.5,max,max,classical,0.8322824103013838,0.8312086789652531,0.8956210456210456,165,3501,0.5s_max
dur_0.5_mean,0.5,mean,mean,classical,0.8123887586884473,0.8108882337646203,0.9113220113220113,165,3501,0.5s_mean
dur_1.0_attention,1.0,attention,heuristic_attention,classical,0.8268516316454316,0.8255706455195542,0.9159507159507159,165,3501,1.0s_heuristic_attention
dur_1.0_max,1.0,max,max,classical,0.8489562501772832,0.8482126774411022,0.9131035631035631,165,3501,1.0s_max
dur_1.0_mean,1.0,mean,mean,classical,0.8250977652589897,0.8239948853762395,0.9154512154512154,165,3501,1.0s_mean
dur_2.0_attention,2.0,attention,heuristic_attention,classical,0.8298819662784752,0.8289098779553402,0.9164002664002664,165,3501,2.0s_heuristic_attention
dur_2.0_max,2.0,max,max,classical,0.8588006438606904,0.8580213709201937,0.9217615717615717,165,3501,2.0s_max
dur_2.0_mean,2.0,mean,mean,classical,0.8284209066288186,0.8273915749085397,0.9165168165168165,165,3501,2.0s_mean
dur_4.0_attention,4.0,attention,heuristic_attention,classical,0.8316759290729444,0.8305139513294115,0.9164335664335664,165,3501,4.0s_heuristic_attention
dur_4.0_max,4.0,max,max,classical,0.8580940907340145,0.8574266213118528,0.9216949716949717,165,3501,4.0s_max
dur_4.0_mean,4.0,mean,mean,classical,0.8306962239975293,0.8296036459379441,0.9167499167499167,165,3501,4.0s_mean
dur_8.0_attention,8.0,attention,heuristic_attention,classical,0.8340767657182133,0.8330453808327273,0.9169497169497169,165,3501,8.0s_heuristic_attention
dur_8.0_max,8.0,max,max,classical,0.8562851977674106,0.8553712806054583,0.9213619713619713,165,3501,8.0s_max
dur_8.0_mean,8.0,mean,mean,classical,0.8332462384958479,0.832045153604692,0.916983016983017,165,3501,8.0s_mean
dur_0.5_attention,0.5,attention,heuristic_attention,country,0.48726545745839234,0.46793499155100426,0.9519904931669638,34,421,0.5s_heuristic_attention
dur_0.5_max,0.5,max,max,country,0.45852029622370283,0.4401496750266941,0.9418894830659537,34,421,0.5s_max
dur_0.5_mean,0.5,mean,mean,country,0.4756309515867656,0.45796952652800904,0.9494949494949495,34,421,0.5s_mean
dur_1.0_attention,1.0,attention,heuristic_attention,country,0.5161364318243884,0.49869919733360074,0.9579322638146167,34,421,1.0s_heuristic_attention
dur_1.0_max,1.0,max,max,country,0.5122382685188422,0.4895580411903022,0.9455733808674985,34,421,1.0s_max
dur_1.0_mean,1.0,mean,mean,country,0.5101591928682548,0.4918013609689562,0.9568627450980393,34,421,1.0s_mean
dur_2.0_attention,2.0,attention,heuristic_attention,country,0.5274877239205823,0.5083786545181673,0.9582293523469995,34,421,2.0s_heuristic_attention
dur_2.0_max,2.0,max,max,country,0.48645034652124375,0.4684058636192568,0.9540106951871657,34,421,2.0s_max
dur_2.0_mean,2.0,mean,mean,country,0.5289980184591476,0.5113454867604845,0.9581105169340463,34,421,2.0s_mean
dur_4.0_attention,4.0,attention,heuristic_attention,country,0.5346026061183654,0.5173622859361419,0.9588829471182412,34,421,4.0s_heuristic_attention
dur_4.0_max,4.0,max,max,country,0.5178393199463025,0.4972138091210303,0.960190136660725,34,421,4.0s_max
dur_4.0_mean,4.0,mean,mean,country,0.5287067398932501,0.508138749469026,0.9581105169340463,34,421,4.0s_mean
dur_8.0_attention,8.0,attention,heuristic_attention,country,0.5228137854311917,0.5028135275293819,0.9570409982174688,34,421,8.0s_heuristic_attention
dur_8.0_max,8.0,max,max,country,0.5227313913177682,0.5038076138576483,0.957516339869281,34,421,8.0s_max
dur_8.0_mean,8.0,mean,mean,country,0.5165528766107488,0.4959495605354331,0.9562091503267973,34,421,8.0s_mean
dur_0.5_attention,0.5,attention,heuristic_attention,dance,0.6466810387056978,0.6368099384470486,0.9647622749060759,31,521,0.5s_heuristic_attention
dur_0.5_max,0.5,max,max,dance,0.6003634374066144,0.5912580510012868,0.9367793755667833,31,521,0.5s_max
dur_0.5_mean,0.5,mean,mean,dance,0.6350874547279035,0.6242644807449211,0.9632724446171784,31,521,0.5s_mean
dur_1.0_attention,1.0,attention,heuristic_attention,dance,0.6825938304341062,0.6697024850127766,0.9735717061795569,31,521,1.0s_heuristic_attention
dur_1.0_max,1.0,max,max,dance,0.6953288693398848,0.6809201801527573,0.9753854126182148,31,521,1.0s_max
dur_1.0_mean,1.0,mean,mean,dance,0.6737316440094115,0.6611482859253752,0.9723409768104676,31,521,1.0s_mean
dur_2.0_attention,2.0,attention,heuristic_attention,dance,0.6933265807559401,0.6840161723255315,0.9740251327892214,31,521,2.0s_heuristic_attention
dur_2.0_max,2.0,max,max,dance,0.6818328982640107,0.6686065813792359,0.9757740639979272,31,521,2.0s_max
dur_2.0_mean,2.0,mean,mean,dance,0.6872955724594252,0.6794443673528003,0.9733773804897008,31,521,2.0s_mean
dur_4.0_attention,4.0,attention,heuristic_attention,dance,0.692424063535688,0.6837217082077323,0.9738308070993651,31,521,4.0s_heuristic_attention
dur_4.0_max,4.0,max,max,dance,0.6879115497667068,0.6751069782757866,0.9770695685969686,31,521,4.0s_max
dur_4.0_mean,4.0,mean,mean,dance,0.6892696309223024,0.6771238090385372,0.9733773804897008,31,521,4.0s_mean
dur_8.0_attention,8.0,attention,heuristic_attention,dance,0.6905731553381999,0.6821976592903221,0.9733773804897008,31,521,8.0s_heuristic_attention
dur_8.0_max,8.0,max,max,dance,0.6972422315324076,0.6848127526934757,0.9754501878481668,31,521,8.0s_max
dur_8.0_mean,8.0,mean,mean,dance,0.6835337669534605,0.6733135510144279,0.9726648529602281,31,521,8.0s_mean
dur_0.5_attention,0.5,attention,heuristic_attention,drums,0.610879899253555,0.606497311961515,0.8680426356589147,129,2069,0.5s_heuristic_attention
dur_0.5_max,0.5,max,max,drums,0.7049443761300838,0.7029770310870165,0.8921899224806202,129,2069,0.5s_max
dur_0.5_mean,0.5,mean,mean,drums,0.6086356862220982,0.6042004869574744,0.8674806201550388,129,2069,0.5s_mean
dur_1.0_attention,1.0,attention,heuristic_attention,drums,0.6737528365442196,0.6704907734988262,0.8882945736434109,129,2069,1.0s_heuristic_attention
dur_1.0_max,1.0,max,max,drums,0.7207394193028233,0.718512807376348,0.8989922480620155,129,2069,1.0s_max
dur_1.0_mean,1.0,mean,mean,drums,0.6741821020741532,0.6715594239143434,0.8885271317829457,129,2069,1.0s_mean
dur_2.0_attention,2.0,attention,heuristic_attention,drums,0.6751778363295367,0.6718516174809989,0.8882945736434108,129,2069,2.0s_heuristic_attention
dur_2.0_max,2.0,max,max,drums,0.7312204913383401,0.7290351910375589,0.9043604651162791,129,2069,2.0s_max
dur_2.0_mean,2.0,mean,mean,drums,0.6753794754247922,0.6719941057396759,0.8891472868217054,129,2069,2.0s_mean
dur_4.0_attention,4.0,attention,heuristic_attention,drums,0.6779366148481948,0.6747633879844532,0.8888953488372093,129,2069,4.0s_heuristic_attention
dur_4.0_max,4.0,max,max,drums,0.7200329852063045,0.7170737012789042,0.9066279069767442,129,2069,4.0s_max
dur_4.0_mean,4.0,mean,mean,drums,0.6791046079784249,0.6759799643342742,0.89,129,2069,4.0s_mean
dur_8.0_attention,8.0,attention,heuristic_attention,drums,0.6741582515962709,0.6711480298303258,0.8871511627906976,129,2069,8.0s_heuristic_attention
dur_8.0_max,8.0,max,max,drums,0.718275005569278,0.7160503041234261,0.9042248062015503,129,2069,8.0s_max
dur_8.0_mean,8.0,mean,mean,drums,0.6767206297566121,0.6736140400670343,0.8888759689922481,129,2069,8.0s_mean
dur_0.5_attention,0.5,attention,heuristic_attention,electronic,0.7533486826774712,0.7514590700505709,0.9342655094824815,102,2050,0.5s_heuristic_attention
dur_0.5_max,0.5,max,max,electronic,0.5131733512278907,0.5090212979721517,0.7974698075951692,102,2050,0.5s_max
dur_0.5_mean,0.5,mean,mean,electronic,0.750212931947099,0.7485641151326846,0.9339899894383984,102,2050,0.5s_mean
dur_1.0_attention,1.0,attention,heuristic_attention,electronic,0.7735877542675278,0.7716137132990266,0.9431051108968178,102,2050,1.0s_heuristic_attention
dur_1.0_max,1.0,max,max,electronic,0.7048005860309182,0.7027135576774657,0.9057032649125223,102,2050,1.0s_max
dur_1.0_mean,1.0,mean,mean,electronic,0.7701599677753312,0.7682580568711166,0.9432428709188594,102,2050,1.0s_mean
dur_2.0_attention,2.0,attention,heuristic_attention,electronic,0.77320435613875,0.7710898010658153,0.9429903108784498,102,2050,2.0s_heuristic_attention
dur_2.0_max,2.0,max,max,electronic,0.7657125423943337,0.7634957654913361,0.9263672682187629,102,2050,2.0s_max
dur_2.0_mean,2.0,mean,mean,electronic,0.7726524984204913,0.7707279195158345,0.9438857510217202,102,2050,2.0s_mean
dur_4.0_attention,4.0,attention,heuristic_attention,electronic,0.772587794106765,0.7701445108824816,0.9418882307021169,102,2050,4.0s_heuristic_attention
dur_4.0_max,4.0,max,max,electronic,0.7912847626165871,0.7897982986539658,0.9423933507829362,102,2050,4.0s_max
dur_4.0_mean,4.0,mean,mean,electronic,0.7710609448759815,0.7694760276376517,0.9425770308123249,102,2050,4.0s_mean
dur_8.0_attention,8.0,attention,heuristic_attention,electronic,0.7692315541176535,0.7664784417826739,0.9403728704596592,102,2050,8.0s_heuristic_attention
dur_8.0_max,8.0,max,max,electronic,0.7926795275727408,0.7905648964754977,0.9417045506727281,102,2050,8.0s_max
dur_8.0_mean,8.0,mean,mean,electronic,0.7695617008113477,0.7668553626632847,0.9408091105294577,102,2050,8.0s_mean
dur_0.5_attention,0.5,attention,heuristic_attention,fast,0.594444427225969,0.5919312139883639,0.8154935531600085,114,1882,0.5s_heuristic_attention
dur_0.5_max,0.5,max,max,fast,0.6244654866391397,0.6220977351151263,0.8183470725005284,114,1882,0.5s_max
dur_0.5_mean,0.5,mean,mean,fast,0.5904463372703204,0.5878611384981928,0.8144366941450011,114,1882,0.5s_mean
dur_1.0_attention,1.0,attention,heuristic_attention,fast,0.6264175494190417,0.6232521430453493,0.8380891989008666,114,1882,1.0s_heuristic_attention
dur_1.0_max,1.0,max,max,fast,0.6745933714330998,0.6723036466517586,0.8550200803212851,114,1882,1.0s_max
dur_1.0_mean,1.0,mean,mean,fast,0.6195380364599546,0.6170894375761282,0.8368843796237582,114,1882,1.0s_mean
dur_2.0_attention,2.0,attention,heuristic_attention,fast,0.6302717550804855,0.627500395307647,0.8404988374550835,114,1882,2.0s_heuristic_attention
dur_2.0_max,2.0,max,max,fast,0.6769549133606034,0.6749258463737552,0.8568167406467977,114,1882,2.0s_max
dur_2.0_mean,2.0,mean,mean,fast,0.6270535867815873,0.6243303462533236,0.8403297400126823,114,1882,2.0s_mean
dur_4.0_attention,4.0,attention,heuristic_attention,fast,0.629702092602323,0.6269448672969969,0.8418516169942929,114,1882,4.0s_heuristic_attention
dur_4.0_max,4.0,max,max,fast,0.686607042649723,0.6845906717462202,0.8606214331008244,114,1882,4.0s_max
dur_4.0_mean,4.0,mean,mean,fast,0.6250770462083646,0.6222329507243144,0.8414077362079898,114,1882,4.0s_mean
dur_8.0_attention,8.0,attention,heuristic_attention,fast,0.6273759291318894,0.624761124959382,0.8403086028323821,114,1882,8.0s_heuristic_attention
dur_8.0_max,8.0,max,max,fast,0.6912285745598874,0.6889877926230557,0.8629253857535405,114,1882,8.0s_max
dur_8.0_mean,8.0,mean,mean,fast,0.6228573250332117,0.6202849137709016,0.8402240541111816,114,1882,8.0s_mean
dur_0.5_attention,0.5,attention,heuristic_attention,female,0.5807397046470063,0.5714117969908177,0.9048411048411048,74,1196,0.5s_heuristic_attention
dur_0.5_max,0.5,max,max,female,0.6461645281366138,0.6410236020239161,0.9327591327591328,74,1196,0.5s_max
dur_0.5_mean,0.5,mean,mean,female,0.5925066127269256,0.5862084742686151,0.9071577071577072,74,1196,0.5s_mean
dur_1.0_attention,1.0,attention,heuristic_attention,female,0.6609561127842044,0.6515704723917715,0.9267894267894268,74,1196,1.0s_heuristic_attention
dur_1.0_max,1.0,max,max,female,0.7495446854923559,0.743228337453734,0.9508167508167509,74,1196,1.0s_max
dur_1.0_mean,1.0,mean,mean,female,0.6646870010999288,0.6554462601732448,0.928987228987229,74,1196,1.0s_mean
dur_2.0_attention,2.0,attention,heuristic_attention,female,0.6885551172786701,0.6781155494640079,0.9347787347787346,74,1196,2.0s_heuristic_attention
dur_2.0_max,2.0,max,max,female,0.7630387430669281,0.7558916560940776,0.9525690525690526,74,1196,2.0s_max
dur_2.0_mean,2.0,mean,mean,female,0.6958673513399721,0.686068914306851,0.9374517374517375,74,1196,2.0s_mean
dur_4.0_attention,4.0,attention,heuristic_attention,female,0.6890154602060762,0.6791955593992536,0.9328482328482328,74,1196,4.0s_heuristic_attention
dur_4.0_max,4.0,max,max,female,0.7825461318727249,0.7746691614434311,0.9550341550341551,74,1196,4.0s_max
dur_4.0_mean,4.0,mean,mean,female,0.7022619252072999,0.6926518211692909,0.9366498366498366,74,1196,4.0s_mean
dur_8.0_attention,8.0,attention,heuristic_attention,female,0.6841333776527798,0.674491323597886,0.9283041283041283,74,1196,8.0s_heuristic_attention
dur_8.0_max,8.0,max,max,female,0.7595076291923525,0.750770969380832,0.9521235521235522,74,1196,8.0s_max
dur_8.0_mean,8.0,mean,mean,female,0.6977581267409059,0.6870366720215821,0.9322839322839322,74,1196,8.0s_mean
dur_0.5_attention,0.5,attention,heuristic_attention,female vocal,0.3636966067438387,0.3508986711795616,0.8827085285848172,44,525,0.5s_heuristic_attention
dur_0.5_max,0.5,max,max,female vocal,0.45741062004968225,0.4460353458977654,0.9104029990627929,44,525,0.5s_max
dur_0.5_mean,0.5,mean,mean,female vocal,0.3713028177474066,0.35846032809429507,0.8852389878163074,44,525,0.5s_mean
dur_1.0_attention,1.0,attention,heuristic_attention,female vocal,0.4089359774918176,0.3945105928489605,0.8908622305529522,44,525,1.0s_heuristic_attention
dur_1.0_max,1.0,max,max,female vocal,0.5865815963580546,0.5782440186592166,0.9179006560449859,44,525,1.0s_max
dur_1.0_mean,1.0,mean,mean,female vocal,0.4261197401897833,0.41012250554665197,0.894892221180881,44,525,1.0s_mean
dur_2.0_attention,2.0,attention,heuristic_attention,female vocal,0.4568803706879113,0.4415250774185298,0.9014995313964386,44,525,2.0s_heuristic_attention
dur_2.0_max,2.0,max,max,female vocal,0.5059879939828662,0.48841971369347803,0.9172446110590441,44,525,2.0s_max
dur_2.0_mean,2.0,mean,mean,female vocal,0.46441335520807464,0.4478455131438455,0.9044985941893158,44,525,2.0s_mean
dur_4.0_attention,4.0,attention,heuristic_attention,female vocal,0.4538321054841945,0.4398389554888646,0.8985941893158388,44,525,4.0s_heuristic_attention
dur_4.0_max,4.0,max,max,female vocal,0.5515682326908025,0.5337019698921023,0.9200562324273664,44,525,4.0s_max
dur_4.0_mean,4.0,mean,mean,female vocal,0.4652970356615812,0.4514202760573777,0.9022961574507966,44,525,4.0s_mean
dur_8.0_attention,8.0,attention,heuristic_attention,female vocal,0.44909156298858516,0.4355666348621534,0.8953608247422682,44,525,8.0s_heuristic_attention
dur_8.0_max,8.0,max,max,female vocal,0.49176419114010067,0.47779235998985276,0.9153233364573572,44,525,8.0s_max
dur_8.0_mean,8.0,mean,mean,female vocal,0.4569747445049509,0.443407317118755,0.898406747891284,44,525,8.0s_mean
dur_0.5_attention,0.5,attention,heuristic_attention,female voice,0.305795446755343,0.2926190908720146,0.9027183342972817,35,409,0.5s_heuristic_attention
dur_0.5_max,0.5,max,max,female voice,0.39751237336411227,0.38401560859381956,0.9120879120879122,35,409,0.5s_max
dur_0.5_mean,0.5,mean,mean,female voice,0.3098452303844817,0.2966024813498948,0.9022556390977443,35,409,0.5s_mean
dur_1.0_attention,1.0,attention,heuristic_attention,female voice,0.3464710413438068,0.32818103136574134,0.9237709658762291,35,409,1.0s_heuristic_attention
dur_1.0_max,1.0,max,max,female voice,0.49457758589301953,0.48116040804838334,0.9330248698669751,35,409,1.0s_max
dur_1.0_mean,1.0,mean,mean,female voice,0.35639274424247247,0.33753620575347487,0.9249277038750723,35,409,1.0s_mean
dur_2.0_attention,2.0,attention,heuristic_attention,female voice,0.38363964302800946,0.36587163638576764,0.9311162521688837,35,409,2.0s_heuristic_attention
dur_2.0_max,2.0,max,max,female voice,0.42171169172283546,0.4048950162833174,0.9359167148640832,35,409,2.0s_max
dur_2.0_mean,2.0,mean,mean,female voice,0.389890292313356,0.3741695635972867,0.9316946211683053,35,409,2.0s_mean
dur_4.0_attention,4.0,attention,heuristic_attention,female voice,0.3841254546481887,0.365550329561262,0.9304222093695778,35,409,4.0s_heuristic_attention
dur_4.0_max,4.0,max,max,female voice,0.4836960450868048,0.4626311260598092,0.9422787738577212,35,409,4.0s_max
dur_4.0_mean,4.0,mean,mean,female voice,0.3983194757114368,0.3796000815741866,0.9325043377674958,35,409,4.0s_mean
dur_8.0_attention,8.0,attention,heuristic_attention,female voice,0.39334521684100754,0.37514031176947277,0.9281087333718914,35,409,8.0s_heuristic_attention
dur_8.0_max,8.0,max,max,female voice,0.4599045106186954,0.4404688192072405,0.9444187391555813,35,409,8.0s_max
dur_8.0_mean,8.0,mean,mean,female voice,0.39894523794144343,0.38072949153293795,0.9287449392712551,35,409,8.0s_mean
dur_0.5_attention,0.5,attention,heuristic_attention,flute,0.5429734844700759,0.5354986226720404,0.8631958530538653,36,814,0.5s_heuristic_attention
dur_0.5_max,0.5,max,max,flute,0.46186034901018636,0.4428430188694742,0.8671399594320486,36,814,0.5s_max
dur_0.5_mean,0.5,mean,mean,flute,0.5437817316394178,0.536869766703978,0.8626887536623844,36,814,0.5s_mean
dur_1.0_attention,1.0,attention,heuristic_attention,flute,0.6074861104207103,0.6014912405581829,0.879535722334911,36,814,1.0s_heuristic_attention
dur_1.0_max,1.0,max,max,flute,0.5592052442315925,0.549981617125906,0.9011156186612577,36,814,1.0s_max
dur_1.0_mean,1.0,mean,mean,flute,0.6030654553311218,0.5969018827002182,0.8782961460446248,36,814,1.0s_mean
dur_2.0_attention,2.0,attention,heuristic_attention,flute,0.6116261619504675,0.6036449566261423,0.8834234843362633,36,814,2.0s_heuristic_attention
dur_2.0_max,2.0,max,max,flute,0.58753741384177,0.5744550214955129,0.8951994590939824,36,814,2.0s_max
dur_2.0_mean,2.0,mean,mean,flute,0.6032695941982278,0.5965795451251102,0.8817331530313275,36,814,2.0s_mean
dur_4.0_attention,4.0,attention,heuristic_attention,flute,0.61838283314835,0.6115700485293928,0.8842686499887311,36,814,4.0s_heuristic_attention
dur_4.0_max,4.0,max,max,flute,0.611946670313895,0.6035293065518644,0.8927766508902412,36,814,4.0s_max
dur_4.0_mean,4.0,mean,mean,flute,0.6108704514605978,0.6018249523388032,0.8825783186837953,36,814,4.0s_mean
dur_8.0_attention,8.0,attention,heuristic_attention,flute,0.6188674759629297,0.6131214584700885,0.8817331530313275,36,814,8.0s_heuristic_attention
dur_8.0_max,8.0,max,max,flute,0.6110591167172216,0.6035276815433025,0.8896213657876944,36,814,8.0s_max
dur_8.0_mean,8.0,mean,mean,flute,0.6142273035774963,0.6070386024803226,0.8802681992337165,36,814,8.0s_mean
dur_0.5_attention,0.5,attention,heuristic_attention,guitar,0.8936827128296099,0.8932928000410969,0.9119834098652051,215,3829,0.5s_heuristic_attention
dur_0.5_max,0.5,max,max,guitar,0.8481053380229038,0.8476329546023429,0.8686416827136719,215,3829,0.5s_max
dur_0.5_mean,0.5,mean,mean,guitar,0.8923269787218685,0.8918963930678854,0.9109465264405274,215,3829,0.5s_mean
dur_1.0_attention,1.0,attention,heuristic_attention,guitar,0.907028779536542,0.9066728856168572,0.9219523033624648,215,3829,1.0s_heuristic_attention
dur_1.0_max,1.0,max,max,guitar,0.8894834066783214,0.8890293647924261,0.9082210042956599,215,3829,1.0s_max
dur_1.0_mean,1.0,mean,mean,guitar,0.9061210073855552,0.905888515508357,0.9212709228262479,215,3829,1.0s_mean
dur_2.0_attention,2.0,attention,heuristic_attention,guitar,0.9068741891754314,0.9065853782859176,0.9229447489260851,215,3829,2.0s_heuristic_attention
dur_2.0_max,2.0,max,max,guitar,0.9060327652334772,0.9056462773510777,0.9211820471041327,215,3829,2.0s_max
dur_2.0_mean,2.0,mean,mean,guitar,0.906317779755505,0.9059852969906689,0.9225151829358614,215,3829,2.0s_mean
dur_4.0_attention,4.0,attention,heuristic_attention,guitar,0.905881062396575,0.9054900620125949,0.9226336838986817,215,3829,4.0s_heuristic_attention
dur_4.0_max,4.0,max,max,guitar,0.9148594093683381,0.9145511975835225,0.929358613538735,215,3829,4.0s_max
dur_4.0_mean,4.0,mean,mean,guitar,0.9054865256093519,0.9050476651190527,0.9223374314916309,215,3829,4.0s_mean
dur_8.0_attention,8.0,attention,heuristic_attention,guitar,0.903613316252112,0.9032898361155164,0.9212709228262479,215,3829,8.0s_heuristic_attention
dur_8.0_max,8.0,max,max,guitar,0.9146371996324703,0.9143538146632934,0.9301140571767145,215,3829,8.0s_max
dur_8.0_mean,8.0,mean,mean,guitar,0.9036326012616377,0.9032781473792825,0.9213746111687156,215,3829,8.0s_mean
dur_0.5_attention,0.5,attention,heuristic_attention,harp,0.37122854068375544,0.3507400680428858,0.8934682702649848,42,513,0.5s_heuristic_attention
dur_0.5_max,0.5,max,max,harp,0.3534725924002532,0.342117150221576,0.8917571135230272,42,513,0.5s_max
dur_0.5_mean,0.5,mean,mean,harp,0.3761177754196244,0.35547189135617085,0.8932727094944755,42,513,0.5s_mean
dur_1.0_attention,1.0,attention,heuristic_attention,harp,0.40610192927281863,0.38656142321999715,0.9088197907499755,42,513,1.0s_heuristic_attention
dur_1.0_max,1.0,max,max,harp,0.4186893868278431,0.40011049574225777,0.9133176884716925,42,513,1.0s_max
dur_1.0_mean,1.0,mean,mean,harp,0.4086495928003339,0.3882524394174442,0.9087709005573481,42,513,1.0s_mean
dur_2.0_attention,2.0,attention,heuristic_attention,harp,0.41507881818807885,0.39994678067636613,0.9117043121149897,42,513,2.0s_heuristic_attention
dur_2.0_max,2.0,max,max,harp,0.4592538339079545,0.4454237792582498,0.9238290798865747,42,513,2.0s_max
dur_2.0_mean,2.0,mean,mean,harp,0.41919804186435106,0.4044146491007657,0.9120465434633812,42,513,2.0s_mean
dur_4.0_attention,4.0,attention,heuristic_attention,harp,0.42903422411817793,0.41478072471743915,0.9125354453896548,42,513,4.0s_heuristic_attention
dur_4.0_max,4.0,max,max,harp,0.46717938127736475,0.45063292208562816,0.9291092206903294,42,513,4.0s_max
dur_4.0_mean,4.0,mean,mean,harp,0.43227935625971103,0.4221252807745185,0.9124865551970274,42,513,4.0s_mean
dur_8.0_attention,8.0,attention,heuristic_attention,harp,0.4210574142415532,0.4058556712893176,0.9118998728854992,42,513,8.0s_heuristic_attention
dur_8.0_max,8.0,max,max,harp,0.4848941487364874,0.47364344374514145,0.9295492324239757,42,513,8.0s_max
dur_8.0_mean,8.0,mean,mean,harp,0.42331315094484673,0.4077852123947704,0.9117043121149897,42,513,8.0s_mean
dur_0.5_attention,0.5,attention,heuristic_attention,harpsichord,0.7514453970935119,0.7469852238984578,0.9418273645546373,45,915,0.5s_heuristic_attention
dur_0.5_max,0.5,max,max,harpsichord,0.7741218493283548,0.7695537139523245,0.9538567493112948,45,915,0.5s_max
dur_0.5_mean,0.5,mean,mean,harpsichord,0.7483559856444547,0.7428511538822665,0.9411845730027548,45,915,0.5s_mean
dur_1.0_attention,1.0,attention,heuristic_attention,harpsichord,0.7706303125232247,0.7646515546420547,0.9574380165289256,45,915,1.0s_heuristic_attention
dur_1.0_max,1.0,max,max,harpsichord,0.8224891316680998,0.8187461860061395,0.9668962350780532,45,915,1.0s_max
dur_1.0_mean,1.0,mean,mean,harpsichord,0.7696430586275288,0.7640670730842161,0.9572084481175391,45,915,1.0s_mean
dur_2.0_attention,2.0,attention,heuristic_attention,harpsichord,0.7951839101505401,0.790989715671137,0.9593204775022957,45,915,2.0s_heuristic_attention
dur_2.0_max,2.0,max,max,harpsichord,0.8304562952264269,0.8272303369932186,0.9711202938475666,45,915,2.0s_max
dur_2.0_mean,2.0,mean,mean,harpsichord,0.7964998099729771,0.7930277466620823,0.9597796143250689,45,915,2.0s_mean
dur_4.0_attention,4.0,attention,heuristic_attention,harpsichord,0.7950791620304747,0.7914739329325782,0.9597796143250689,45,915,4.0s_heuristic_attention
dur_4.0_max,4.0,max,max,harpsichord,0.8246785957068575,0.8209096070975769,0.9701101928374656,45,915,4.0s_max
dur_4.0_mean,4.0,mean,mean,harpsichord,0.8012360853659465,0.7978891362098605,0.9601010101010101,45,915,4.0s_mean
dur_8.0_attention,8.0,attention,heuristic_attention,harpsichord,0.8004443138959022,0.7960359110539574,0.9578053259871442,45,915,8.0s_heuristic_attention
dur_8.0_max,8.0,max,max,harpsichord,0.8114390154123893,0.8083257489055953,0.9668503213957759,45,915,8.0s_max
dur_8.0_mean,8.0,mean,mean,harpsichord,0.8037736899567137,0.7997753343104745,0.9576216712580349,45,915,8.0s_mean
dur_0.5_attention,0.5,attention,heuristic_attention,indian,0.5342898981800459,0.5267571871956835,0.8677659743142541,53,1124,0.5s_heuristic_attention
dur_0.5_max,0.5,max,max,indian,0.38576475163534685,0.3779451285400561,0.8162755668305058,53,1124,0.5s_max
dur_0.5_mean,0.5,mean,mean,indian,0.5313559806487317,0.5241461338461901,0.8657840494688441,53,1124,0.5s_mean
dur_1.0_attention,1.0,attention,heuristic_attention,indian,0.5407943347617128,0.5335931940679349,0.8831457111146346,53,1124,1.0s_heuristic_attention
dur_1.0_max,1.0,max,max,indian,0.4294267546785397,0.41812203133772885,0.8432693832249881,53,1124,1.0s_max
dur_1.0_mean,1.0,mean,mean,indian,0.5357484199067031,0.5273844976853344,0.8804502933248771,53,1124,1.0s_mean
dur_2.0_attention,2.0,attention,heuristic_attention,indian,0.5601150646564239,0.5534419293647646,0.894284128745838,53,1124,2.0s_heuristic_attention
dur_2.0_max,2.0,max,max,indian,0.49286153734942084,0.4862610350057793,0.8708974155700016,53,1124,2.0s_max
dur_2.0_mean,2.0,mean,mean,indian,0.5531821191049606,0.5461151817199481,0.8912319644839067,53,1124,2.0s_mean
dur_4.0_attention,4.0,attention,heuristic_attention,indian,0.5599144084824749,0.5513029558054756,0.8951165371809101,53,1124,4.0s_heuristic_attention
dur_4.0_max,4.0,max,max,indian,0.5645583261602398,0.5600620648679377,0.8877834152528936,53,1124,4.0s_max
dur_4.0_mean,4.0,mean,mean,indian,0.5594239154897033,0.5529709789967785,0.8942048517520216,53,1124,4.0s_mean
dur_8.0_attention,8.0,attention,heuristic_attention,indian,0.554131713408294,0.5479103050150808,0.8941652132551134,53,1124,8.0s_heuristic_attention
dur_8.0_max,8.0,max,max,indian,0.5550097418510777,0.5488551102893936,0.8933724433169494,53,1124,8.0s_max
dur_8.0_mean,8.0,mean,mean,indian,0.5535310839312401,0.5463164675962674,0.893491358807674,53,1124,8.0s_mean
dur_0.5_attention,0.5,attention,heuristic_attention,loud,0.7111716911202458,0.707883374354687,0.9377756773787019,69,881,0.5s_heuristic_attention
dur_0.5_max,0.5,max,max,loud,0.6858727964304223,0.6751205520933921,0.935444234404537,69,881,0.5s_max
dur_0.5_mean,0.5,mean,mean,loud,0.7096933732491238,0.7062504196459495,0.937775677378702,69,881,0.5s_mean
dur_1.0_attention,1.0,attention,heuristic_attention,loud,0.7169538624045564,0.7137803139201007,0.9400756143667297,69,881,1.0s_heuristic_attention
dur_1.0_max,1.0,max,max,loud,0.7276612982166529,0.723250144225475,0.9406742281033396,69,881,1.0s_max
dur_1.0_mean,1.0,mean,mean,loud,0.7191002790182014,0.7157973428718029,0.940359168241966,69,881,1.0s_mean
dur_2.0_attention,2.0,attention,heuristic_attention,loud,0.7310529500758953,0.7271771336620849,0.9427851291745432,69,881,2.0s_heuristic_attention
dur_2.0_max,2.0,max,max,loud,0.7321173097388264,0.7283960044707563,0.9445179584120983,69,881,2.0s_max
dur_2.0_mean,2.0,mean,mean,loud,0.7281979214379297,0.7253030246490751,0.9422495274102078,69,881,2.0s_mean
dur_4.0_attention,4.0,attention,heuristic_attention,loud,0.7286067613199796,0.7257342532599,0.9433522369250158,69,881,4.0s_heuristic_attention
dur_4.0_max,4.0,max,max,loud,0.738762580720193,0.7343358118118755,0.9465973534971645,69,881,4.0s_max
dur_4.0_mean,4.0,mean,mean,loud,0.7243922168485171,0.7215626129849095,0.9430686830497794,69,881,4.0s_mean
dur_8.0_attention,8.0,attention,heuristic_attention,loud,0.7258941179616193,0.7229580727831584,0.9440138626339005,69,881,8.0s_heuristic_attention
dur_8.0_max,8.0,max,max,loud,0.723629409143601,0.7181977432727952,0.9471014492753622,69,881,8.0s_max
dur_8.0_mean,8.0,mean,mean,loud,0.7200444423485448,0.7176978964265561,0.9434467548834278,69,881,8.0s_mean
dur_0.5_attention,0.5,attention,heuristic_attention,male,0.5144408253172253,0.5028049978690001,0.9082552271088681,73,1032,0.5s_heuristic_attention
dur_0.5_max,0.5,max,max,male,0.6637655762497463,0.6592915926001647,0.9288632540254746,73,1032,0.5s_max
dur_0.5_mean,0.5,mean,mean,male,0.5148541933423693,0.5032544044440372,0.9096671473203557,73,1032,0.5s_mean
dur_1.0_attention,1.0,attention,heuristic_attention,male,0.5600173107269878,0.5481854428705195,0.92655010814708,73,1032,1.0s_heuristic_attention
dur_1.0_max,1.0,max,max,male,0.6093505139119594,0.6029775768904574,0.9188896899783705,73,1032,1.0s_max
dur_1.0_mean,1.0,mean,mean,male,0.5664463768685174,0.5557247303118573,0.9279620283585677,73,1032,1.0s_mean
dur_2.0_attention,2.0,attention,heuristic_attention,male,0.5765312897533825,0.5662916180107845,0.9322879115597213,73,1032,2.0s_heuristic_attention
dur_2.0_max,2.0,max,max,male,0.6232885090109359,0.6174606454189628,0.9279019466474405,73,1032,2.0s_max
dur_2.0_mean,2.0,mean,mean,male,0.5803487005127307,0.5705369574512088,0.9332792597933189,73,1032,2.0s_mean
dur_4.0_attention,4.0,attention,heuristic_attention,male,0.5778660985161027,0.5682180451651118,0.9327084835376112,73,1032,4.0s_heuristic_attention
dur_4.0_max,4.0,max,max,male,0.610533170172759,0.5999021830271483,0.9282023552030761,73,1032,4.0s_max
dur_4.0_mean,4.0,mean,mean,male,0.5869497560339401,0.5771967923467225,0.9339701994712808,73,1032,4.0s_mean
dur_8.0_attention,8.0,attention,heuristic_attention,male,0.5746751281256746,0.565260895162666,0.9308159096371065,73,1032,8.0s_heuristic_attention
dur_8.0_max,8.0,max,max,male,0.6216390017041737,0.6122648769403347,0.9336397500600817,73,1032,8.0s_max
dur_8.0_mean,8.0,mean,mean,male,0.5796883235234656,0.56967830476644,0.931747176159577,73,1032,8.0s_mean
dur_0.5_attention,0.5,attention,heuristic_attention,male vocal,0.34348636382282305,0.328726099529351,0.8717299578059072,55,803,0.5s_heuristic_attention
dur_0.5_max,0.5,max,max,male vocal,0.5724561676821294,0.5619982689837226,0.9194476409666283,55,803,0.5s_max
dur_0.5_mean,0.5,mean,mean,male vocal,0.3400134668364445,0.32472854253955846,0.8742616033755274,55,803,0.5s_mean
dur_1.0_attention,1.0,attention,heuristic_attention,male vocal,0.5267274646649377,0.5180074323386031,0.9070195627157652,55,803,1.0s_heuristic_attention
dur_1.0_max,1.0,max,max,male vocal,0.6295357724227261,0.6235214199833093,0.9266589950134254,55,803,1.0s_max
dur_1.0_mean,1.0,mean,mean,male vocal,0.5366675973043089,0.5282406237360422,0.90939777522056,55,803,1.0s_mean
dur_2.0_attention,2.0,attention,heuristic_attention,male vocal,0.5448903148303553,0.5315435086088751,0.9124664365170694,55,803,2.0s_heuristic_attention
dur_2.0_max,2.0,max,max,male vocal,0.6451069581539775,0.6394947155462071,0.931722286152666,55,803,2.0s_max
dur_2.0_mean,2.0,mean,mean,male vocal,0.5516071268251195,0.5384896832059916,0.9143843498273878,55,803,2.0s_mean
dur_4.0_attention,4.0,attention,heuristic_attention,male vocal,0.5614707399264768,0.5474299533603102,0.9110088224012274,55,803,4.0s_heuristic_attention
dur_4.0_max,4.0,max,max,male vocal,0.6376890141579353,0.633083093323885,0.9300728807057922,55,803,4.0s_max
dur_4.0_mean,4.0,mean,mean,male vocal,0.570405411635959,0.5574288645248894,0.9135404679708478,55,803,4.0s_mean
dur_8.0_attention,8.0,attention,heuristic_attention,male vocal,0.5449368233874231,0.5309240851325872,0.9078634445723053,55,803,8.0s_heuristic_attention
dur_8.0_max,8.0,max,max,male vocal,0.6413343268845121,0.6371017267037257,0.9273110855389336,55,803,8.0s_max
dur_8.0_mean,8.0,mean,mean,male vocal,0.5487478643728858,0.5342960868985707,0.9084388185654009,55,803,8.0s_mean
dur_0.5_attention,0.5,attention,heuristic_attention,male voice,0.23304236011309304,0.22131911034370408,0.8553450090917791,43,527,0.5s_heuristic_attention
dur_0.5_max,0.5,max,max,male voice,0.4537989181825831,0.44581829472046397,0.8921427887836156,43,527,0.5s_max
dur_0.5_mean,0.5,mean,mean,male voice,0.23952269624620073,0.226791562696137,0.8597473442434682,43,527,0.5s_mean
dur_1.0_attention,1.0,attention,heuristic_attention,male voice,0.45274151382976335,0.4339579500831784,0.9141066130730213,43,527,1.0s_heuristic_attention
dur_1.0_max,1.0,max,max,male voice,0.5286730752924726,0.5200223877046845,0.9024787060962772,43,527,1.0s_max
dur_1.0_mean,1.0,mean,mean,male voice,0.4532688996812145,0.43754445295569944,0.916355632117906,43,527,1.0s_mean
dur_2.0_attention,2.0,attention,heuristic_attention,male voice,0.4935362586098865,0.478903508895515,0.9224327686859985,43,527,2.0s_heuristic_attention
dur_2.0_max,2.0,max,max,male voice,0.5783743143803685,0.5731576816835269,0.9155421571442243,43,527,2.0s_max
dur_2.0_mean,2.0,mean,mean,male voice,0.49428166234408893,0.47610139148233305,0.9242989759785625,43,527,2.0s_mean
dur_4.0_attention,4.0,attention,heuristic_attention,male voice,0.4957158159346445,0.47783651153415135,0.9220021054646378,43,527,4.0s_heuristic_attention
dur_4.0_max,4.0,max,max,male voice,0.5245588273936949,0.5075940374464294,0.9218585510575175,43,527,4.0s_max
dur_4.0_mean,4.0,mean,mean,male voice,0.49219822342271885,0.4764828404788299,0.9235333524739209,43,527,4.0s_mean
dur_8.0_attention,8.0,attention,heuristic_attention,male voice,0.4747486967273619,0.45889966038895097,0.9177911761891091,43,527,8.0s_heuristic_attention
dur_8.0_max,8.0,max,max,male voice,0.5307910383387894,0.5140780545136672,0.9271222126519283,43,527,8.0s_max
dur_8.0_mean,8.0,mean,mean,male voice,0.4700521256575079,0.4514653453976456,0.9195616805435927,43,527,8.0s_mean
dur_0.5_attention,0.5,attention,heuristic_attention,man,0.39398577770940374,0.38116883784777006,0.90188246097337,45,595,0.5s_heuristic_attention
dur_0.5_max,0.5,max,max,man,0.5470689959731552,0.5391912358128229,0.9085399449035813,45,595,0.5s_max
dur_0.5_mean,0.5,mean,mean,man,0.4097049424963053,0.39663579069505694,0.9065197428833793,45,595,0.5s_mean
dur_1.0_attention,1.0,attention,heuristic_attention,man,0.5119643663314397,0.4950568964266402,0.9177685950413224,45,595,1.0s_heuristic_attention
dur_1.0_max,1.0,max,max,man,0.5399162665200367,0.5328017439880417,0.8978879706152434,45,595,1.0s_max
dur_1.0_mean,1.0,mean,mean,man,0.5216749877571635,0.5072650317118499,0.920752984389348,45,595,1.0s_mean
dur_2.0_attention,2.0,attention,heuristic_attention,man,0.5437684305199854,0.5273387897006477,0.9260330578512397,45,595,2.0s_heuristic_attention
dur_2.0_max,2.0,max,max,man,0.5674471607932985,0.5512096535654052,0.9232323232323232,45,595,2.0s_max
dur_2.0_mean,2.0,mean,mean,man,0.5532573727491167,0.5372923990097224,0.9276859504132231,45,595,2.0s_mean
dur_4.0_attention,4.0,attention,heuristic_attention,man,0.5448525626449265,0.5290900198906824,0.9223599632690542,45,595,4.0s_heuristic_attention
dur_4.0_max,4.0,max,max,man,0.6102263515737483,0.6049618345795612,0.9224517906336088,45,595,4.0s_max
dur_4.0_mean,4.0,mean,mean,man,0.5537800315057749,0.5375503211517099,0.9243342516069789,45,595,4.0s_mean
dur_8.0_attention,8.0,attention,heuristic_attention,man,0.5307577928432387,0.5161619320586595,0.9196510560146924,45,595,8.0s_heuristic_attention
dur_8.0_max,8.0,max,max,man,0.5911248738949705,0.5784831760492694,0.9254820936639119,45,595,8.0s_max
dur_8.0_mean,8.0,mean,mean,man,0.5309336566879698,0.514875450359732,0.9215794306703398,45,595,8.0s_mean
dur_0.5_attention,0.5,attention,heuristic_attention,metal,0.7051605780231167,0.6735949677548111,0.9856349206349206,25,407,0.5s_heuristic_attention
dur_0.5_max,0.5,max,max,metal,0.7130862965574698,0.6991948315943632,0.9820634920634921,25,407,0.5s_max
dur_0.5_mean,0.5,mean,mean,metal,0.699086338940662,0.6680052827268235,0.9854761904761904,25,407,0.5s_mean
dur_1.0_attention,1.0,attention,heuristic_attention,metal,0.7156003395360755,0.6874478085581901,0.9863492063492063,25,407,1.0s_heuristic_attention
dur_1.0_max,1.0,max,max,metal,0.809207444541468,0.797550896482059,0.986984126984127,25,407,1.0s_max
dur_1.0_mean,1.0,mean,mean,metal,0.7073168635754448,0.6772086135782728,0.9861904761904762,25,407,1.0s_mean
dur_2.0_attention,2.0,attention,heuristic_attention,metal,0.6995194225751273,0.6678842597579362,0.9857142857142858,25,407,2.0s_heuristic_attention
dur_2.0_max,2.0,max,max,metal,0.7512163706061228,0.7384332278842466,0.9857142857142858,25,407,2.0s_max
dur_2.0_mean,2.0,mean,mean,metal,0.6898191009880597,0.66110226144241,0.9856349206349206,25,407,2.0s_mean
dur_4.0_attention,4.0,attention,heuristic_attention,metal,0.693630007934885,0.6621776497437835,0.9857142857142858,25,407,4.0s_heuristic_attention
dur_4.0_max,4.0,max,max,metal,0.7392733442157591,0.7224515577814141,0.9852380952380952,25,407,4.0s_max
dur_4.0_mean,4.0,mean,mean,metal,0.6798490505494923,0.649205527146791,0.9854761904761905,25,407,4.0s_mean
dur_8.0_attention,8.0,attention,heuristic_attention,metal,0.6791688384358474,0.6476543148337898,0.9857936507936508,25,407,8.0s_heuristic_attention
dur_8.0_max,8.0,max,max,metal,0.6931736805843671,0.6722583361544805,0.9845238095238096,25,407,8.0s_max
dur_8.0_mean,8.0,mean,mean,metal,0.6758320603804993,0.6445953930908588,0.9857142857142857,25,407,8.0s_mean
dur_0.5_attention,0.5,attention,heuristic_attention,new age,0.4587483583911743,0.4482481598023839,0.8931588613406796,45,513,0.5s_heuristic_attention
dur_0.5_max,0.5,max,max,new age,0.3702903921689961,0.36229771945267364,0.8646464646464647,45,513,0.5s_max
dur_0.5_mean,0.5,mean,mean,new age,0.470209688512164,0.45512524700113427,0.8933884297520661,45,513,0.5s_mean
dur_1.0_attention,1.0,attention,heuristic_attention,new age,0.45791070947601215,0.4417993604561937,0.9203856749311294,45,513,1.0s_heuristic_attention
dur_1.0_max,1.0,max,max,new age,0.4173167951915988,0.3998044332510197,0.9109274563820018,45,513,1.0s_max
dur_1.0_mean,1.0,mean,mean,new age,0.4676643358162306,0.45148075359933565,0.9214416896235078,45,513,1.0s_mean
dur_2.0_attention,2.0,attention,heuristic_attention,new age,0.44523234276761176,0.4285131327605864,0.9224517906336088,45,513,2.0s_heuristic_attention
dur_2.0_max,2.0,max,max,new age,0.42735022164118386,0.4162580923522308,0.9122130394857667,45,513,2.0s_max
dur_2.0_mean,2.0,mean,mean,new age,0.4502772765803528,0.4335886970624324,0.9238751147842057,45,513,2.0s_mean
dur_4.0_attention,4.0,attention,heuristic_attention,new age,0.44920692638341486,0.4324869881459316,0.9239210284664829,45,513,4.0s_heuristic_attention
dur_4.0_max,4.0,max,max,new age,0.4612098561932033,0.4442405278386499,0.9199724517906337,45,513,4.0s_max
dur_4.0_mean,4.0,mean,mean,new age,0.4601188076080017,0.4434525976031582,0.924931129476584,45,513,4.0s_mean
dur_8.0_attention,8.0,attention,heuristic_attention,new age,0.4553492561534379,0.4360209719177679,0.9237373737373737,45,513,8.0s_heuristic_attention
dur_8.0_max,8.0,max,max,new age,0.4736692759762315,0.4568248313151614,0.9260330578512397,45,513,8.0s_max
dur_8.0_mean,8.0,mean,mean,new age,0.4694186551562993,0.45293962799352966,0.9251147842056933,45,513,8.0s_mean
dur_0.5_attention,0.5,attention,heuristic_attention,no vocal,0.22531932766001897,0.21527590936830573,0.6703964757709251,75,805,0.5s_heuristic_attention
dur_0.5_max,0.5,max,max,no vocal,0.19969171895078322,0.19123803784677587,0.6244640234948605,75,805,0.5s_max
dur_0.5_mean,0.5,mean,mean,no vocal,0.22513796931160657,0.2147033494382945,0.6719530102790015,75,805,0.5s_mean
dur_1.0_attention,1.0,attention,heuristic_attention,no vocal,0.22690682170091286,0.21820627670940684,0.6916299559471365,75,805,1.0s_heuristic_attention
dur_1.0_max,1.0,max,max,no vocal,0.22194680196641242,0.21637395157242553,0.6652569750367108,75,805,1.0s_max
dur_1.0_mean,1.0,mean,mean,no vocal,0.22727964465851277,0.21832545429720407,0.6915418502202643,75,805,1.0s_mean
dur_2.0_attention,2.0,attention,heuristic_attention,no vocal,0.23050363313916905,0.22178760103873166,0.7034361233480176,75,805,2.0s_heuristic_attention
dur_2.0_max,2.0,max,max,no vocal,0.24542280050744383,0.23874846109689074,0.7002055800293686,75,805,2.0s_max
dur_2.0_mean,2.0,mean,mean,no vocal,0.2316976283943595,0.2233734048670965,0.70352422907489,75,805,2.0s_mean
dur_4.0_attention,4.0,attention,heuristic_attention,no vocal,0.23170764210951786,0.2228993801726223,0.7035829662261381,75,805,4.0s_heuristic_attention
dur_4.0_max,4.0,max,max,no vocal,0.264521643608041,0.2540064347923402,0.7148898678414097,75,805,4.0s_max
dur_4.0_mean,4.0,mean,mean,no vocal,0.23284599124427174,0.22441686065144203,0.7038472834067547,75,805,4.0s_mean
dur_8.0_attention,8.0,attention,heuristic_attention,no vocal,0.23248083439277942,0.22353977365818062,0.704287812041116,75,805,8.0s_heuristic_attention
dur_8.0_max,8.0,max,max,no vocal,0.2516191082054159,0.24455265141700638,0.7086637298091043,75,805,8.0s_max
dur_8.0_mean,8.0,mean,mean,no vocal,0.23402895717435432,0.22513976259536816,0.7055212922173275,75,805,8.0s_mean
dur_0.5_attention,0.5,attention,heuristic_attention,no vocals,0.27382012262792604,0.26598029958755953,0.6930404934832355,92,932,0.5s_heuristic_attention
dur_0.5_max,0.5,max,max,no vocals,0.252342433842349,0.24477125621487497,0.6606805293005672,92,932,0.5s_max
dur_0.5_mean,0.5,mean,mean,no vocals,0.27030360989321633,0.262355952566069,0.6915481046662024,92,932,0.5s_mean
dur_1.0_attention,1.0,attention,heuristic_attention,no vocals,0.3099445441316393,0.3043874686842879,0.7205253208635957,92,932,1.0s_heuristic_attention
dur_1.0_max,1.0,max,max,no vocals,0.2864255068712822,0.2759415252610565,0.6901552084369714,92,932,1.0s_max
dur_1.0_mean,1.0,mean,mean,no vocals,0.309886886267929,0.3041540744602056,0.7210476569495573,92,932,1.0s_mean
dur_2.0_attention,2.0,attention,heuristic_attention,no vocals,0.3182950758606382,0.3121090307149059,0.738110635757636,92,932,2.0s_heuristic_attention
dur_2.0_max,2.0,max,max,no vocals,0.32074699845449944,0.3118942499796766,0.7315192518157396,92,932,2.0s_max
dur_2.0_mean,2.0,mean,mean,no vocals,0.32006074455483646,0.3141025429989423,0.7389314496070043,92,932,2.0s_mean
dur_4.0_attention,4.0,attention,heuristic_attention,no vocals,0.3220880019245091,0.3163286467766846,0.7412943985673067,92,932,4.0s_heuristic_attention
dur_4.0_max,4.0,max,max,no vocals,0.33648322785089235,0.33035578862559795,0.7325390508407124,92,932,4.0s_max
dur_4.0_mean,4.0,mean,mean,no vocals,0.32525819179430226,0.31928916659546874,0.7434583623520047,92,932,4.0s_mean
dur_8.0_attention,8.0,attention,heuristic_attention,no vocals,0.32674675350236326,0.31980557939392407,0.7446522734056312,92,932,8.0s_heuristic_attention
dur_8.0_max,8.0,max,max,no vocals,0.3384308341362671,0.32779974498560727,0.752163963784698,92,932,8.0s_max
dur_8.0_mean,8.0,mean,mean,no vocals,0.32863616393504286,0.3220120737505909,0.74639339369217,92,932,8.0s_mean
dur_0.5_attention,0.5,attention,heuristic_attention,no voice,0.1542717129205354,0.13927668352272188,0.6651999608878458,42,465,0.5s_heuristic_attention
dur_0.5_max,0.5,max,max,no voice,0.11437588718200542,0.10862754688454618,0.6139630390143737,42,465,0.5s_max
dur_0.5_mean,0.5,mean,mean,no voice,0.15547550486118902,0.13750741384187956,0.6656399726214921,42,465,0.5s_mean
dur_1.0_attention,1.0,attention,heuristic_attention,no voice,0.13685329266908214,0.1240763097610269,0.6664711058961572,42,465,1.0s_heuristic_attention
dur_1.0_max,1.0,max,max,no voice,0.13038080798377927,0.12013822719357484,0.6297545712330106,42,465,1.0s_max
dur_1.0_mean,1.0,mean,mean,no voice,0.13684421464651136,0.12671953577530887,0.6674000195560771,42,465,1.0s_mean
dur_2.0_attention,2.0,attention,heuristic_attention,no voice,0.1391992031722904,0.12751427006961186,0.668475603793879,42,465,2.0s_heuristic_attention
dur_2.0_max,2.0,max,max,no voice,0.14749241701409008,0.13723857793757427,0.6559597144812751,42,465,2.0s_max
dur_2.0_mean,2.0,mean,mean,no voice,0.1382738834276309,0.12598961434266637,0.6700889801505817,42,465,2.0s_mean
dur_4.0_attention,4.0,attention,heuristic_attention,no voice,0.1404464375160488,0.12926281149396412,0.669697858609563,42,465,4.0s_heuristic_attention
dur_4.0_max,4.0,max,max,no voice,0.1416203757544158,0.12961781766996733,0.6440305074801995,42,465,4.0s_max
dur_4.0_mean,4.0,mean,mean,no voice,0.13857164412939238,0.12753992536495634,0.6706267722694828,42,465,4.0s_mean
dur_8.0_attention,8.0,attention,heuristic_attention,no voice,0.1417058414010138,0.12879361232332476,0.6728268309377139,42,465,8.0s_heuristic_attention
dur_8.0_max,8.0,max,max,no voice,0.13967339769715909,0.1290654609497842,0.6706756624621101,42,465,8.0s_max
dur_8.0_mean,8.0,mean,mean,no voice,0.1421965001808192,0.13037004212445863,0.6747824386428082,42,465,8.0s_mean
dur_0.5_attention,0.5,attention,heuristic_attention,opera,0.8550483082456045,0.8491861734462707,0.987640151849563,47,1040,0.5s_heuristic_attention
dur_0.5_max,0.5,max,max,opera,0.9449832619658863,0.9385462213350526,0.9936435066654895,47,1040,0.5s_max
dur_0.5_mean,0.5,mean,mean,opera,0.8609674730141766,0.8554190704210669,0.987860863423678,47,1040,0.5s_mean
dur_1.0_attention,1.0,attention,heuristic_attention,opera,0.9060705906236909,0.9017964387510513,0.9885671404608457,47,1040,1.0s_heuristic_attention
dur_1.0_max,1.0,max,max,opera,0.9698124725373093,0.9638132661560049,0.9965568994438069,47,1040,1.0s_max
dur_1.0_mean,1.0,mean,mean,opera,0.9023131775169705,0.898998450439206,0.9887437097201377,47,1040,1.0s_mean
dur_2.0_attention,2.0,attention,heuristic_attention,opera,0.9124816833213066,0.9092693518760878,0.987022159442041,47,1040,2.0s_heuristic_attention
dur_2.0_max,2.0,max,max,opera,0.9643974077951115,0.9602429603292548,0.9949236337953562,47,1040,2.0s_max
dur_2.0_mean,2.0,mean,mean,opera,0.9107172724286143,0.9056754931422566,0.987242871016156,47,1040,2.0s_mean
dur_4.0_attention,4.0,attention,heuristic_attention,opera,0.9147471238404182,0.9115428044231424,0.9871545863865101,47,1040,4.0s_heuristic_attention
dur_4.0_max,4.0,max,max,opera,0.9655455933725399,0.9621180451380866,0.9948353491657103,47,1040,4.0s_max
dur_4.0_mean,4.0,mean,mean,opera,0.9087792266520669,0.9048292138059322,0.9870221594420411,47,1040,4.0s_mean
dur_8.0_attention,8.0,attention,heuristic_attention,opera,0.9095621353657316,0.9049935288610714,0.9863158824048732,47,1040,8.0s_heuristic_attention
dur_8.0_max,8.0,max,max,opera,0.95891875829302,0.9550291064980926,0.9942614990730114,47,1040,8.0s_max
dur_8.0_mean,8.0,mean,mean,opera,0.9064176143975806,0.9031485304381712,0.9863158824048732,47,1040,8.0s_mean
dur_0.5_attention,0.5,attention,heuristic_attention,piano,0.5857170374298784,0.5823146581464425,0.842455456570156,80,1694,0.5s_heuristic_attention
dur_0.5_max,0.5,max,max,piano,0.6708061301102591,0.6679681099148504,0.8944042316258353,80,1694,0.5s_max
dur_0.5_mean,0.5,mean,mean,piano,0.5792116245042704,0.576434496498054,0.8430122494432072,80,1694,0.5s_mean
dur_1.0_attention,1.0,attention,heuristic_attention,piano,0.6242209360327433,0.6214390656965744,0.8603841870824054,80,1694,1.0s_heuristic_attention
dur_1.0_max,1.0,max,max,piano,0.6755887069752986,0.6736805487807024,0.8871380846325168,80,1694,1.0s_max
dur_1.0_mean,1.0,mean,mean,piano,0.6121572004091368,0.6092495252779282,0.8607182628062361,80,1694,1.0s_mean
dur_2.0_attention,2.0,attention,heuristic_attention,piano,0.6402687267491651,0.6380383100437366,0.8727728285077951,80,1694,2.0s_heuristic_attention
dur_2.0_max,2.0,max,max,piano,0.6889057737376064,0.6872918110648115,0.8939031180400892,80,1694,2.0s_max
dur_2.0_mean,2.0,mean,mean,piano,0.6333215704051579,0.6305665374329841,0.8744432071269488,80,1694,2.0s_mean
dur_4.0_attention,4.0,attention,heuristic_attention,piano,0.6387061955251029,0.635859381720458,0.8722160356347439,80,1694,4.0s_heuristic_attention
dur_4.0_max,4.0,max,max,piano,0.6971075036566183,0.6950263459954713,0.8998329621380846,80,1694,4.0s_max
dur_4.0_mean,4.0,mean,mean,piano,0.6319495675089338,0.6293182157160334,0.8744710467706013,80,1694,4.0s_mean
dur_8.0_attention,8.0,attention,heuristic_attention,piano,0.6357749001523566,0.6334236092322207,0.8705734966592428,80,1694,8.0s_heuristic_attention
dur_8.0_max,8.0,max,max,piano,0.7148921972081864,0.7125254524020492,0.898357461024499,80,1694,8.0s_max
dur_8.0_mean,8.0,mean,mean,piano,0.6291858074129495,0.6258380415717942,0.8726336302895322,80,1694,8.0s_mean
dur_0.5_attention,0.5,attention,heuristic_attention,pop,0.5759092326130508,0.5705384282059691,0.879669003562809,77,792,0.5s_heuristic_attention
dur_0.5_max,0.5,max,max,pop,0.5217917139300422,0.5137975649861308,0.8701011378002529,77,792,0.5s_max
dur_0.5_mean,0.5,mean,mean,pop,0.5805515925519681,0.5765921287920814,0.8798988621997472,77,792,0.5s_mean
dur_1.0_attention,1.0,attention,heuristic_attention,pop,0.5968557705860064,0.589692383948651,0.8945523503045627,77,792,1.0s_heuristic_attention
dur_1.0_max,1.0,max,max,pop,0.562479770219359,0.5561216238121959,0.8776577404895989,77,792,1.0s_max
dur_1.0_mean,1.0,mean,mean,pop,0.5974740229116974,0.5901425756583992,0.8946672796230317,77,792,1.0s_mean
dur_2.0_attention,2.0,attention,heuristic_attention,pop,0.6055927633472973,0.5982893579850399,0.9001551545799333,77,792,2.0s_heuristic_attention
dur_2.0_max,2.0,max,max,pop,0.5622175004207078,0.5567232933138436,0.8893805309734514,77,792,2.0s_max
dur_2.0_mean,2.0,mean,mean,pop,0.6040313772861523,0.5966502405230002,0.9007010688426618,77,792,2.0s_mean
dur_4.0_attention,4.0,attention,heuristic_attention,pop,0.6033802767644039,0.5966295704347127,0.8999540282726123,77,792,4.0s_heuristic_attention
dur_4.0_max,4.0,max,max,pop,0.5733981703290734,0.5667038444731641,0.8947247442822664,77,792,4.0s_max
dur_4.0_mean,4.0,mean,mean,pop,0.6049641709975037,0.5982828372306284,0.9013906447534765,77,792,4.0s_mean
dur_8.0_attention,8.0,attention,heuristic_attention,pop,0.6024891475702095,0.5955175523388885,0.9000402252614642,77,792,8.0s_heuristic_attention
dur_8.0_max,8.0,max,max,pop,0.5714163837623855,0.5627465380735032,0.8975692449143776,77,792,8.0s_max
dur_8.0_mean,8.0,mean,mean,pop,0.602318789359765,0.5955420095805933,0.9009309274796,77,792,8.0s_mean
dur_0.5_attention,0.5,attention,heuristic_attention,quiet,0.46260339888632784,0.45744482855948626,0.83476843594317,71,839,0.5s_heuristic_attention
dur_0.5_max,0.5,max,max,quiet,0.28537622307763305,0.2748605099816282,0.7638846177501691,71,839,0.5s_max
dur_0.5_mean,0.5,mean,mean,quiet,0.4591704170076658,0.4560743142928635,0.8319392336552064,71,839,0.5s_mean
dur_1.0_attention,1.0,attention,heuristic_attention,quiet,0.5033466511314956,0.4994933922220931,0.8465465280767575,71,839,1.0s_heuristic_attention
dur_1.0_max,1.0,max,max,quiet,0.38759447511530676,0.3805925006608569,0.8111353711790392,71,839,1.0s_max
dur_1.0_mean,1.0,mean,mean,quiet,0.49195677970871643,0.48802141319997533,0.8429485208192385,71,839,1.0s_mean
dur_2.0_attention,2.0,attention,heuristic_attention,quiet,0.5242773743423971,0.5206417282116389,0.8496217479549788,71,839,2.0s_heuristic_attention
dur_2.0_max,2.0,max,max,quiet,0.4403188764451099,0.434135005230739,0.8349990774340365,71,839,2.0s_max
dur_2.0_mean,2.0,mean,mean,quiet,0.5166083321736152,0.5129695823465851,0.8474998462390061,71,839,2.0s_mean
dur_4.0_attention,4.0,attention,heuristic_attention,quiet,0.5390236594221254,0.5352313564701495,0.8510055969001784,71,839,4.0s_heuristic_attention
dur_4.0_max,4.0,max,max,quiet,0.4715441875378424,0.46333518562277154,0.861922627467864,71,839,4.0s_max
dur_4.0_mean,4.0,mean,mean,quiet,0.5351112894313768,0.5321105312370914,0.8495294913586321,71,839,4.0s_mean
dur_8.0_attention,8.0,attention,heuristic_attention,quiet,0.5352524531877041,0.5313867574831231,0.8483916600036903,71,839,8.0s_heuristic_attention
dur_8.0_max,8.0,max,max,quiet,0.4870262261511836,0.48070262708674755,0.8653361215326896,71,839,8.0s_max
dur_8.0_mean,8.0,mean,mean,quiet,0.5353569213933136,0.5318350719096105,0.8484224122024724,71,839,8.0s_mean
dur_0.5_attention,0.5,attention,heuristic_attention,rock,0.9125556693163814,0.9108495690550301,0.969779844113223,103,1893,0.5s_heuristic_attention
dur_0.5_max,0.5,max,max,rock,0.8932242444796771,0.8922963308899605,0.9615752769041434,103,1893,0.5s_max
dur_0.5_mean,0.5,mean,mean,rock,0.9111676134512384,0.9097669564471391,0.9696886822553444,103,1893,0.5s_mean
dur_1.0_attention,1.0,attention,heuristic_attention,rock,0.9178485562658553,0.917274649805238,0.9726058617074617,103,1893,1.0s_heuristic_attention
dur_1.0_max,1.0,max,max,rock,0.9010549215112785,0.8997325523591441,0.9634896759195952,103,1893,1.0s_max
dur_1.0_mean,1.0,mean,mean,rock,0.9169568460955987,0.9160846055297667,0.9726286521719313,103,1893,1.0s_mean
dur_2.0_attention,2.0,attention,heuristic_attention,rock,0.9154297560789117,0.9147000577841681,0.9719905191667807,103,1893,2.0s_heuristic_attention
dur_2.0_max,2.0,max,max,rock,0.9111592769199841,0.9100035023567498,0.9691189206436027,103,1893,2.0s_max
dur_2.0_mean,2.0,mean,mean,rock,0.9138993186848483,0.9130034405823108,0.9718765668444324,103,1893,2.0s_mean
dur_4.0_attention,4.0,attention,heuristic_attention,rock,0.9151148635067481,0.9138115448313083,0.9719221477733716,103,1893,4.0s_heuristic_attention
dur_4.0_max,4.0,max,max,rock,0.9103272153276117,0.909639789700314,0.9685947399608006,103,1893,4.0s_max
dur_4.0_mean,4.0,mean,mean,rock,0.9138812083043701,0.9127944609152217,0.9717626145220839,103,1893,4.0s_mean
dur_8.0_attention,8.0,attention,heuristic_attention,rock,0.9157840165608295,0.914611907210325,0.9717398240576143,103,1893,8.0s_heuristic_attention
dur_8.0_max,8.0,max,max,rock,0.9198144006402362,0.9192111633945702,0.9711700624458727,103,1893,8.0s_max
dur_8.0_mean,8.0,mean,mean,rock,0.9141781497413153,0.9131865030157454,0.9716258717352659,103,1893,8.0s_mean
dur_0.5_attention,0.5,attention,heuristic_attention,singing,0.3740155375205675,0.36596101532972186,0.8322160034442463,71,982,0.5s_heuristic_attention
dur_0.5_max,0.5,max,max,singing,0.6396421530816813,0.6368276488380639,0.9003321237468479,71,982,0.5s_max
dur_0.5_mean,0.5,mean,mean,singing,0.38822399658994605,0.38149751217724676,0.8364598068761917,71,982,0.5s_mean
dur_1.0_attention,1.0,attention,heuristic_attention,singing,0.4497813078109613,0.44416830934808477,0.8627529368349838,71,982,1.0s_heuristic_attention
dur_1.0_max,1.0,max,max,singing,0.6036261364886856,0.5997592326312626,0.9021772556737806,71,982,1.0s_max
dur_1.0_mean,1.0,mean,mean,singing,0.4600510996094477,0.4526632189827112,0.8672735100559691,71,982,1.0s_mean
dur_2.0_attention,2.0,attention,heuristic_attention,singing,0.46534741689736736,0.46061517567994936,0.8673042622547512,71,982,2.0s_heuristic_attention
dur_2.0_max,2.0,max,max,singing,0.570653257319795,0.5627325724696276,0.8997478319699859,71,982,2.0s_max
dur_2.0_mean,2.0,mean,mean,singing,0.4764268653803745,0.47152803437714885,0.8726551448428563,71,982,2.0s_mean
dur_4.0_attention,4.0,attention,heuristic_attention,singing,0.46453294936836,0.4600459752500878,0.8653361215326896,71,982,4.0s_heuristic_attention
dur_4.0_max,4.0,max,max,singing,0.5637363516106981,0.5558543510076752,0.8968571252844578,71,982,4.0s_max
dur_4.0_mean,4.0,mean,mean,singing,0.47462795444573785,0.46869189610024997,0.870164216741497,71,982,4.0s_mean
dur_8.0_attention,8.0,attention,heuristic_attention,singing,0.45584269852234555,0.4502619597826037,0.8612460790946553,71,982,8.0s_heuristic_attention
dur_8.0_max,8.0,max,max,singing,0.5381056257064503,0.5316735484990969,0.8887385448059536,71,982,8.0s_max
dur_8.0_mean,8.0,mean,mean,singing,0.46676263391882356,0.4607900248226063,0.866412448490067,71,982,8.0s_mean
dur_0.5_attention,0.5,attention,heuristic_attention,sitar,0.3963244081176106,0.3874099308646653,0.8855329561094968,26,745,0.5s_heuristic_attention
dur_0.5_max,0.5,max,max,sitar,0.2526715012580797,0.22652123413795222,0.8609879186419942,26,745,0.5s_max
dur_0.5_mean,0.5,mean,mean,sitar,0.3930694154384331,0.3786282071801894,0.8833919559565683,26,745,0.5s_mean
dur_1.0_attention,1.0,attention,heuristic_attention,sitar,0.44383629420668014,0.43431204845353766,0.9116072794005199,26,745,1.0s_heuristic_attention
dur_1.0_max,1.0,max,max,sitar,0.31482296520021585,0.2888257405618763,0.875210276800734,26,745,1.0s_max
dur_1.0_mean,1.0,mean,mean,sitar,0.4231793238564129,0.40896190927371795,0.9087016363358311,26,745,1.0s_mean
dur_2.0_attention,2.0,attention,heuristic_attention,sitar,0.47010642455874163,0.4586343202303375,0.9223122801651629,26,745,2.0s_heuristic_attention
dur_2.0_max,2.0,max,max,sitar,0.40876343521431335,0.3972675987638317,0.8986083499005963,26,745,2.0s_max
dur_2.0_mean,2.0,mean,mean,sitar,0.4476073019735403,0.437006516581457,0.9187184584798899,26,745,2.0s_mean
dur_4.0_attention,4.0,attention,heuristic_attention,sitar,0.46831387854465156,0.45623987270189903,0.9245297446092675,26,745,4.0s_heuristic_attention
dur_4.0_max,4.0,max,max,sitar,0.4451404376919393,0.43453978883042327,0.9036549931182137,26,745,4.0s_max
dur_4.0_mean,4.0,mean,mean,sitar,0.459193578884486,0.44237491047496535,0.9223887444563389,26,745,4.0s_mean
dur_8.0_attention,8.0,attention,heuristic_attention,sitar,0.45487316372327724,0.4426101285003708,0.9219299587092828,26,745,8.0s_heuristic_attention
dur_8.0_max,8.0,max,max,sitar,0.4500737908784212,0.43390946102249883,0.9140541367181526,26,745,8.0s_max
dur_8.0_mean,8.0,mean,mean,sitar,0.45102141103221843,0.4388410761774722,0.9210888515063466,26,745,8.0s_mean
dur_0.5_attention,0.5,attention,heuristic_attention,slow,0.6286217274056252,0.6242465666260689,0.7773487773487773,196,2816,0.5s_heuristic_attention
dur_0.5_max,0.5,max,max,slow,0.6299518721944156,0.6284682503892903,0.7525969847398418,196,2816,0.5s_max
dur_0.5_mean,0.5,mean,mean,slow,0.6247334603222303,0.6204160222182324,0.7760311331739903,196,2816,0.5s_mean
dur_1.0_attention,1.0,attention,heuristic_attention,slow,0.696544864842818,0.6938909353581237,0.8173224244652817,196,2816,1.0s_heuristic_attention
dur_1.0_max,1.0,max,max,slow,0.6827298622687814,0.6812483355047593,0.8021082306796592,196,2816,1.0s_max
dur_1.0_mean,1.0,mean,mean,slow,0.6921981960119096,0.6896227520776085,0.816081387509959,196,2816,1.0s_mean
dur_2.0_attention,2.0,attention,heuristic_attention,slow,0.718312696700548,0.7158001288017122,0.8284764356192927,196,2816,2.0s_heuristic_attention
dur_2.0_max,2.0,max,max,slow,0.727959378246375,0.726852941697516,0.8282619354047926,196,2816,2.0s_max
dur_2.0_mean,2.0,mean,mean,slow,0.7168819787866474,0.7144226543664448,0.8289360789360789,196,2816,2.0s_mean
dur_4.0_attention,4.0,attention,heuristic_attention,slow,0.7282697395508199,0.7265838897168209,0.8318318318318318,196,2816,4.0s_heuristic_attention
dur_4.0_max,4.0,max,max,slow,0.7483894067571262,0.747205230691992,0.8413924128209842,196,2816,4.0s_max
dur_4.0_mean,4.0,mean,mean,slow,0.727141969773678,0.7252871871701133,0.8326591898020469,196,2816,4.0s_mean
dur_8.0_attention,8.0,attention,heuristic_attention,slow,0.7257426401254352,0.7238938760176931,0.8299932585646872,196,2816,8.0s_heuristic_attention
dur_8.0_max,8.0,max,max,slow,0.7765660076744672,0.7755717939246634,0.8572041429184286,196,2816,8.0s_max
dur_8.0_mean,8.0,mean,mean,slow,0.724982248251806,0.7230141481801117,0.8307440093154379,196,2816,8.0s_mean
dur_0.5_attention,0.5,attention,heuristic_attention,soft,0.3701872029058375,0.3609557649916417,0.8095931095931096,74,787,0.5s_heuristic_attention
dur_0.5_max,0.5,max,max,soft,0.3251170588668728,0.3209563718181859,0.7324027324027325,74,787,0.5s_max
dur_0.5_mean,0.5,mean,mean,soft,0.3711608388048821,0.36174247184117364,0.8097416097416097,74,787,0.5s_mean
dur_1.0_attention,1.0,attention,heuristic_attention,soft,0.3885669700377771,0.3787511782037787,0.8217701217701218,74,787,1.0s_heuristic_attention
dur_1.0_max,1.0,max,max,soft,0.3128509839320269,0.3049118893795819,0.778021978021978,74,787,1.0s_max
dur_1.0_mean,1.0,mean,mean,soft,0.3850834846482088,0.3767968713423991,0.8204039204039204,74,787,1.0s_mean
dur_2.0_attention,2.0,attention,heuristic_attention,soft,0.39589982094746595,0.3867583063597541,0.8227502227502228,74,787,2.0s_heuristic_attention
dur_2.0_max,2.0,max,max,soft,0.3594596383715978,0.35127167255987163,0.8129492129492129,74,787,2.0s_max
dur_2.0_mean,2.0,mean,mean,soft,0.39353207582766614,0.38339551373439323,0.8225720225720226,74,787,2.0s_mean
dur_4.0_attention,4.0,attention,heuristic_attention,soft,0.3980215849737671,0.3877129191573212,0.8222750222750222,74,787,4.0s_heuristic_attention
dur_4.0_max,4.0,max,max,soft,0.4089532238631309,0.4004315771869376,0.8355212355212355,74,787,4.0s_max
dur_4.0_mean,4.0,mean,mean,soft,0.40071019839363126,0.39024798453748966,0.8232848232848233,74,787,4.0s_mean
dur_8.0_attention,8.0,attention,heuristic_attention,soft,0.4000633911602849,0.38952486639360645,0.820997920997921,74,787,8.0s_heuristic_attention
dur_8.0_max,8.0,max,max,soft,0.4282964931695289,0.42154522101740965,0.8353430353430353,74,787,8.0s_max
dur_8.0_mean,8.0,mean,mean,soft,0.4016606557261899,0.39119817587111744,0.8219186219186219,74,787,8.0s_mean
dur_0.5_attention,0.5,attention,heuristic_attention,solo,0.28094986197939387,0.26978400257834445,0.8216013546202225,52,690,0.5s_heuristic_attention
dur_0.5_max,0.5,max,max,solo,0.2617837021322247,0.24967592401583702,0.8024915336236091,52,690,0.5s_max
dur_0.5_mean,0.5,mean,mean,solo,0.2819410115523623,0.2717733453055898,0.8219238832446379,52,690,0.5s_mean
dur_1.0_attention,1.0,attention,heuristic_attention,solo,0.32483585603945087,0.313412586933859,0.8234558942106112,52,690,1.0s_heuristic_attention
dur_1.0_max,1.0,max,max,solo,0.37634874033662685,0.36158052067838437,0.8272859216255443,52,690,1.0s_max
dur_1.0_mean,1.0,mean,mean,solo,0.3255076236783927,0.3150131783048728,0.8229721012739881,52,690,1.0s_mean
dur_2.0_attention,2.0,attention,heuristic_attention,solo,0.32497714139739653,0.3151067343273326,0.8253910659571037,52,690,2.0s_heuristic_attention
dur_2.0_max,2.0,max,max,solo,0.3558120598616283,0.34092973364665025,0.825713594581519,52,690,2.0s_max
dur_2.0_mean,2.0,mean,mean,solo,0.3248894140785676,0.31298204742386293,0.8242622157716496,52,690,2.0s_mean
dur_4.0_attention,4.0,attention,heuristic_attention,solo,0.32340752473938594,0.31243348617358724,0.8247863247863247,52,690,4.0s_heuristic_attention
dur_4.0_max,4.0,max,max,solo,0.38489387956363713,0.37399368729982285,0.8283341396548943,52,690,4.0s_max
dur_4.0_mean,4.0,mean,mean,solo,0.32609946436378506,0.3149864215227126,0.8234962102886632,52,690,4.0s_mean
dur_8.0_attention,8.0,attention,heuristic_attention,solo,0.33142126068007466,0.32417032334808765,0.8247056926302209,52,690,8.0s_heuristic_attention
dur_8.0_max,8.0,max,max,solo,0.36986166686234767,0.3623191776784105,0.8338171262699564,52,690,8.0s_max
dur_8.0_mean,8.0,mean,mean,solo,0.3361558280716266,0.32402553978792753,0.8242622157716498,52,690,8.0s_mean
dur_0.5_attention,0.5,attention,heuristic_attention,strings,0.7205676504590971,0.717598706017114,0.8808866655166465,155,2176,0.5s_heuristic_attention
dur_0.5_max,0.5,max,max,strings,0.759831179785106,0.7586844224059749,0.8781956184233224,155,2176,0.5s_max
dur_0.5_mean,0.5,mean,mean,strings,0.7196584829044841,0.7166713119939407,0.8805934103846818,155,2176,0.5s_mean
dur_1.0_attention,1.0,attention,heuristic_attention,strings,0.7553885469868011,0.7535516321062992,0.8941348973607038,155,2176,1.0s_heuristic_attention
dur_1.0_max,1.0,max,max,strings,0.785788387421609,0.7845003303767419,0.8917371053993445,155,2176,1.0s_max
dur_1.0_mean,1.0,mean,mean,strings,0.7526789711434606,0.7507651898146815,0.8936518889080559,155,2176,1.0s_mean
dur_2.0_attention,2.0,attention,heuristic_attention,strings,0.7628749051197677,0.7611075421058385,0.8951354148697602,155,2176,2.0s_heuristic_attention
dur_2.0_max,2.0,max,max,strings,0.7881533590694524,0.7867231207946901,0.8979299637743661,155,2176,2.0s_max
dur_2.0_mean,2.0,mean,mean,strings,0.7586609712413649,0.7567143830618287,0.8946524064171122,155,2176,2.0s_mean
dur_4.0_attention,4.0,attention,heuristic_attention,strings,0.7631873912816804,0.7615342029721283,0.8944971537001898,155,2176,4.0s_heuristic_attention
dur_4.0_max,4.0,max,max,strings,0.7897539399488058,0.7883403830110917,0.9013282732447818,155,2176,4.0s_max
dur_4.0_mean,4.0,mean,mean,strings,0.7608585013823908,0.7589241841031714,0.8944971537001898,155,2176,4.0s_mean
dur_8.0_attention,8.0,attention,heuristic_attention,strings,0.7623674703719492,0.7607707232052691,0.8939106434362601,155,2176,8.0s_heuristic_attention
dur_8.0_max,8.0,max,max,strings,0.7947141300031562,0.7935031897383683,0.9039158185268241,155,2176,8.0s_max
dur_8.0_mean,8.0,mean,mean,strings,0.7604575236084398,0.7586832594396814,0.8941003967569432,155,2176,8.0s_mean
dur_0.5_attention,0.5,attention,heuristic_attention,synth,0.7064038372211913,0.703811097028253,0.90780813485487,98,1369,0.5s_heuristic_attention
dur_0.5_max,0.5,max,max,synth,0.5238146962862726,0.518750955514356,0.8171551683318339,98,1369,0.5s_max
dur_0.5_mean,0.5,mean,mean,synth,0.7045382553641574,0.7026521989196912,0.9067427435011127,98,1369,0.5s_mean
dur_1.0_attention,1.0,attention,heuristic_attention,synth,0.7080152150010999,0.7056619074951851,0.9210189876414603,98,1369,1.0s_heuristic_attention
dur_1.0_max,1.0,max,max,synth,0.6472333082412816,0.6440161270059116,0.8876840759505659,98,1369,1.0s_max
dur_1.0_mean,1.0,mean,mean,synth,0.7102886031028525,0.7077381818946066,0.9209006108243761,98,1369,1.0s_mean
dur_2.0_attention,2.0,attention,heuristic_attention,synth,0.696358032235041,0.6938075806330837,0.9221080543586343,98,1369,2.0s_heuristic_attention
dur_2.0_max,2.0,max,max,synth,0.6361316505108252,0.6307938691920544,0.896775415502628,98,1369,2.0s_max
dur_2.0_mean,2.0,mean,mean,synth,0.7005801535606287,0.6977153277086994,0.922321132629386,98,1369,2.0s_mean
dur_4.0_attention,4.0,attention,heuristic_attention,synth,0.6985755743018179,0.6962181814539761,0.9229603674416402,98,1369,4.0s_heuristic_attention
dur_4.0_max,4.0,max,max,synth,0.6736395692925949,0.6700558420898448,0.910436100194138,98,1369,4.0s_max
dur_4.0_mean,4.0,mean,mean,synth,0.6991135682741345,0.6965887708796881,0.9221790804488849,98,1369,4.0s_mean
dur_8.0_attention,8.0,attention,heuristic_attention,synth,0.6948348148352583,0.6920983957878937,0.9218239499976325,98,1369,8.0s_heuristic_attention
dur_8.0_max,8.0,max,max,synth,0.6899562880342265,0.6870645001171383,0.917325630948435,98,1369,8.0s_max
dur_8.0_mean,8.0,mean,mean,synth,0.6950360682803893,0.6926301863902644,0.9214688195463799,98,1369,8.0s_mean
dur_0.5_attention,0.5,attention,heuristic_attention,techno,0.819486919731456,0.8175517634879738,0.9492456356260541,103,2380,0.5s_heuristic_attention
dur_0.5_max,0.5,max,max,techno,0.6824576628784007,0.6805600078031104,0.8633255845754136,103,2380,0.5s_max
dur_0.5_mean,0.5,mean,mean,techno,0.8161417965923051,0.814196691793386,0.948220064724919,103,2380,0.5s_mean
dur_1.0_attention,1.0,attention,heuristic_attention,techno,0.838200803425896,0.8356161039130509,0.9573590409772551,103,2380,1.0s_heuristic_attention
dur_1.0_max,1.0,max,max,techno,0.8024307843044428,0.8002903000930119,0.9342267195405443,103,2380,1.0s_max
dur_1.0_mean,1.0,mean,mean,techno,0.8357414306384815,0.8334554544179469,0.9570855554036192,103,2380,1.0s_mean
dur_2.0_attention,2.0,attention,heuristic_attention,techno,0.8355926178877661,0.8332204993640423,0.9571311363325584,103,2380,2.0s_heuristic_attention
dur_2.0_max,2.0,max,max,techno,0.8318359173043235,0.8304470162784443,0.9455763708464379,103,2380,2.0s_max
dur_2.0_mean,2.0,mean,mean,techno,0.832807966972908,0.8301606162749816,0.9567436984365741,103,2380,2.0s_mean
dur_4.0_attention,4.0,attention,heuristic_attention,techno,0.8363586621165138,0.8339905638017877,0.9574046219061945,103,2380,4.0s_heuristic_attention
dur_4.0_max,4.0,max,max,techno,0.8541999575642567,0.8532187947986815,0.9553534801039245,103,2380,4.0s_max
dur_4.0_mean,4.0,mean,mean,techno,0.832066858728735,0.8296840756194184,0.9569032316878618,103,2380,4.0s_mean
dur_8.0_attention,8.0,attention,heuristic_attention,techno,0.8368634700975288,0.8348724569654149,0.9574046219061945,103,2380,8.0s_heuristic_attention
dur_8.0_max,8.0,max,max,techno,0.863414652909591,0.8622168104233014,0.959478554172934,103,2380,8.0s_max
dur_8.0_mean,8.0,mean,mean,techno,0.8327955723088091,0.8305183281216033,0.9567436984365741,103,2380,8.0s_mean
dur_0.5_attention,0.5,attention,heuristic_attention,violin,0.782616081669656,0.7746982492534711,0.944795042356018,78,1483,0.5s_heuristic_attention
dur_0.5_max,0.5,max,max,violin,0.8166689656247814,0.8148328726619158,0.9470976178293251,78,1483,0.5s_max
dur_0.5_mean,0.5,mean,mean,violin,0.777049147967009,0.7695805961003245,0.942719881744272,78,1483,0.5s_mean
dur_1.0_attention,1.0,attention,heuristic_attention,violin,0.8179584005293321,0.8094922034043556,0.9592074592074593,78,1483,1.0s_heuristic_attention
dur_1.0_max,1.0,max,max,violin,0.824520672022261,0.8205491467624699,0.9528398430837455,78,1483,1.0s_max
dur_1.0_mean,1.0,mean,mean,violin,0.8225619502731552,0.8166134280446938,0.9587242026266416,78,1483,1.0s_mean
dur_2.0_attention,2.0,attention,heuristic_attention,violin,0.8203307345783136,0.814890958924964,0.9594064472113253,78,1483,2.0s_heuristic_attention
dur_2.0_max,2.0,max,max,violin,0.8452483635262172,0.8406238099899264,0.9650633918926602,78,1483,2.0s_max
dur_2.0_mean,2.0,mean,mean,violin,0.8290511834713099,0.8248973366643828,0.960287679799875,78,1483,2.0s_mean
dur_4.0_attention,4.0,attention,heuristic_attention,violin,0.818542520976642,0.8153096328530883,0.95744499403036,78,1483,4.0s_heuristic_attention
dur_4.0_max,4.0,max,max,violin,0.8436187820082062,0.8389592274573482,0.9637841832963783,78,1483,4.0s_max
dur_4.0_mean,4.0,mean,mean,violin,0.8243400182108819,0.819758378659235,0.958411507191995,78,1483,4.0s_mean
dur_8.0_attention,8.0,attention,heuristic_attention,violin,0.8108827696927663,0.8061660343177732,0.9556256751378703,78,1483,8.0s_heuristic_attention
dur_8.0_max,8.0,max,max,violin,0.8386615434188842,0.8313106832738218,0.9619648644038888,78,1483,8.0s_max
dur_8.0_mean,8.0,mean,mean,violin,0.8184446125564396,0.8153056341833569,0.9560236511456023,78,1483,8.0s_mean
dur_0.5_attention,0.5,attention,heuristic_attention,vocal,0.5046437299092053,0.49688964555977333,0.8506771515945828,109,1401,0.5s_heuristic_attention
dur_0.5_max,0.5,max,max,vocal,0.6750886976674028,0.6731358712789598,0.8919397116644823,109,1401,0.5s_max
dur_0.5_mean,0.5,mean,mean,vocal,0.510951336529672,0.5032643675543694,0.8548055919615554,109,1401,0.5s_mean
dur_1.0_attention,1.0,attention,heuristic_attention,vocal,0.5716841082427995,0.5672098344683545,0.8739405854084753,109,1401,1.0s_heuristic_attention
dur_1.0_max,1.0,max,max,vocal,0.6667438742502299,0.6640528860784859,0.8877020532983836,109,1401,1.0s_max
dur_1.0_mean,1.0,mean,mean,vocal,0.5747233678307595,0.5696655680073412,0.876256006989952,109,1401,1.0s_mean
dur_2.0_attention,2.0,attention,heuristic_attention,vocal,0.585413059928339,0.5816073721928631,0.8769986893840105,109,1401,2.0s_heuristic_attention
dur_2.0_max,2.0,max,max,vocal,0.649423296121229,0.6463367204103483,0.889384010484928,109,1401,2.0s_max
dur_2.0_mean,2.0,mean,mean,vocal,0.5893092948456651,0.5856532694173466,0.8788335517693316,109,1401,2.0s_mean
dur_4.0_attention,4.0,attention,heuristic_attention,vocal,0.5831120645230375,0.5794956966825464,0.8760157273918742,109,1401,4.0s_heuristic_attention
dur_4.0_max,4.0,max,max,vocal,0.662348246274042,0.6592941200302236,0.8923328964613368,109,1401,4.0s_max
dur_4.0_mean,4.0,mean,mean,vocal,0.5905689135993785,0.586350404521533,0.8779816513761468,109,1401,4.0s_mean
dur_8.0_attention,8.0,attention,heuristic_attention,vocal,0.5772551345963666,0.5737041753428466,0.8731105286151158,109,1401,8.0s_heuristic_attention
dur_8.0_max,8.0,max,max,vocal,0.6406507102199445,0.6367657274953022,0.8891437308868502,109,1401,8.0s_max
dur_8.0_mean,8.0,mean,mean,vocal,0.5841699339066321,0.5806725207480623,0.8758846657929228,109,1401,8.0s_mean
dur_0.5_attention,0.5,attention,heuristic_attention,vocals,0.3806610575452198,0.3749793228854419,0.8069304054839084,76,957,0.5s_heuristic_attention
dur_0.5_max,0.5,max,max,vocals,0.4894650129965524,0.4854934669535942,0.8509352852329499,76,957,0.5s_max
dur_0.5_mean,0.5,mean,mean,vocals,0.3869549996293769,0.38176661452905175,0.8093702800046474,76,957,0.5s_mean
dur_1.0_attention,1.0,attention,heuristic_attention,vocals,0.462357019917309,0.45856625795115935,0.8386778203787615,76,957,1.0s_heuristic_attention
dur_1.0_max,1.0,max,max,vocals,0.4626896851343216,0.4584324520907757,0.8481178110840014,76,957,1.0s_max
dur_1.0_mean,1.0,mean,mean,vocals,0.4705154627790156,0.4661453958371368,0.8414662484024631,76,957,1.0s_mean
dur_2.0_attention,2.0,attention,heuristic_attention,vocals,0.4826710507606019,0.47934467629083055,0.8457360288137562,76,957,2.0s_heuristic_attention
dur_2.0_max,2.0,max,max,vocals,0.4735732684745493,0.46840254704919526,0.8518357151156035,76,957,2.0s_max
dur_2.0_mean,2.0,mean,mean,vocals,0.48841469756989314,0.4847436831532557,0.8479144882072731,76,957,2.0s_mean
dur_4.0_attention,4.0,attention,heuristic_attention,vocals,0.48206066379688894,0.47821660830049084,0.8440223074241896,76,957,4.0s_heuristic_attention
dur_4.0_max,4.0,max,max,vocals,0.4539474414684285,0.44486356894002943,0.8465783664459161,76,957,4.0s_max
dur_4.0_mean,4.0,mean,mean,vocals,0.4860054053865195,0.48116904021570056,0.8461136284419658,76,957,4.0s_mean
dur_8.0_attention,8.0,attention,heuristic_attention,vocals,0.48305692190723115,0.47844601757842203,0.84364470779598,76,957,8.0s_heuristic_attention
dur_8.0_max,8.0,max,max,vocals,0.4501129491801506,0.44069414596864476,0.8482630417102358,76,957,8.0s_max
dur_8.0_mean,8.0,mean,mean,vocals,0.48595690707553474,0.4819120830440646,0.8449227373068433,76,957,8.0s_mean
dur_0.5_attention,0.5,attention,heuristic_attention,voice,0.1759271145224804,0.166488013342539,0.7439248434237995,50,542,0.5s_heuristic_attention
dur_0.5_max,0.5,max,max,voice,0.28105818648867326,0.2658212536811391,0.8137787056367433,50,542,0.5s_max
dur_0.5_mean,0.5,mean,mean,voice,0.17972728139017602,0.16822438205832108,0.7483089770354906,50,542,0.5s_mean
dur_1.0_attention,1.0,attention,heuristic_attention,voice,0.217581247011727,0.20633576031948034,0.7724008350730689,50,542,1.0s_heuristic_attention
dur_1.0_max,1.0,max,max,voice,0.24095284406163206,0.2334750965494013,0.7999582463465553,50,542,1.0s_max
dur_1.0_mean,1.0,mean,mean,voice,0.2239992671200323,0.20971673485792083,0.7769519832985385,50,542,1.0s_mean
dur_2.0_attention,2.0,attention,heuristic_attention,voice,0.23948354422862855,0.22560019403791193,0.7838413361169102,50,542,2.0s_heuristic_attention
dur_2.0_max,2.0,max,max,voice,0.2449264171143053,0.23625351311005258,0.8115657620041754,50,542,2.0s_max
dur_2.0_mean,2.0,mean,mean,voice,0.24459156925429787,0.23109486409614743,0.7891440501043842,50,542,2.0s_mean
dur_4.0_attention,4.0,attention,heuristic_attention,voice,0.24539500997615166,0.23106936540278997,0.784634655532359,50,542,4.0s_heuristic_attention
dur_4.0_max,4.0,max,max,voice,0.2519156366721171,0.24198825495327156,0.8105636743215031,50,542,4.0s_max
dur_4.0_mean,4.0,mean,mean,voice,0.23734857610802063,0.22192060943931474,0.7898121085594989,50,542,4.0s_mean
dur_8.0_attention,8.0,attention,heuristic_attention,voice,0.2325051733175158,0.22128666927314852,0.7829645093945722,50,542,8.0s_heuristic_attention
dur_8.0_max,8.0,max,max,voice,0.26621607509698747,0.25475741804788343,0.8138622129436326,50,542,8.0s_max
dur_8.0_mean,8.0,mean,mean,voice,0.2338401367807368,0.21943437995535636,0.7860960334029228,50,542,8.0s_mean
dur_0.5_attention,0.5,attention,heuristic_attention,weird,0.3347214374437154,0.3165065721131372,0.8276620709885597,42,447,0.5s_heuristic_attention
dur_0.5_max,0.5,max,max,weird,0.30474468583046005,0.28713854107148995,0.8218930282585314,42,447,0.5s_max
dur_0.5_mean,0.5,mean,mean,weird,0.32689993796761635,0.3113132637858467,0.8231152830742153,42,447,0.5s_mean
dur_1.0_attention,1.0,attention,heuristic_attention,weird,0.3086987434760057,0.29298682758615513,0.8690720641439327,42,447,1.0s_heuristic_attention
dur_1.0_max,1.0,max,max,weird,0.36358389523230406,0.34685729258213943,0.866383103549428,42,447,1.0s_max
dur_1.0_mean,1.0,mean,mean,weird,0.30669518301843485,0.2928319514461216,0.8678498093282487,42,447,1.0s_mean
dur_2.0_attention,2.0,attention,heuristic_attention,weird,0.32433522295068584,0.30411653576492303,0.8756722401486262,42,447,2.0s_heuristic_attention
dur_2.0_max,2.0,max,max,weird,0.3451462269857487,0.33258474700348756,0.8756233499559988,42,447,2.0s_max
dur_2.0_mean,2.0,mean,mean,weird,0.31921010286122986,0.2980243161740947,0.8749877774518431,42,447,2.0s_mean
dur_4.0_attention,4.0,attention,heuristic_attention,weird,0.32117645238267434,0.3008102302033805,0.8774811772758385,42,447,4.0s_heuristic_attention
dur_4.0_max,4.0,max,max,weird,0.33965933194579584,0.3269419438943692,0.8684853818324044,42,447,4.0s_max
dur_4.0_mean,4.0,mean,mean,weird,0.3163778506469685,0.29693787634699714,0.8761611420748998,42,447,4.0s_mean
dur_8.0_attention,8.0,attention,heuristic_attention,weird,0.31696158341566893,0.2989600182008694,0.8766500440011733,42,447,8.0s_heuristic_attention
dur_8.0_max,8.0,max,max,weird,0.33703089627316185,0.31974689512475074,0.8811479417228903,42,447,8.0s_max
dur_8.0_mean,8.0,mean,mean,weird,0.3156833388522754,0.2980343732698551,0.8760144714970177,42,447,8.0s_mean
dur_0.5_attention,0.5,attention,heuristic_attention,woman,0.41558645394055127,0.40392783111063457,0.8979705089583003,53,818,0.5s_heuristic_attention
dur_0.5_max,0.5,max,max,woman,0.5457793404289631,0.5365225399356202,0.9277786586332646,53,818,0.5s_max
dur_0.5_mean,0.5,mean,mean,woman,0.42016202348616816,0.40980971568088104,0.8994371333439036,53,818,0.5s_mean
dur_1.0_attention,1.0,attention,heuristic_attention,woman,0.4677666386285619,0.455999505599375,0.9155700015855399,53,818,1.0s_heuristic_attention
dur_1.0_max,1.0,max,max,woman,0.6117719069990233,0.6006238134625022,0.9395512922149992,53,818,1.0s_max
dur_1.0_mean,1.0,mean,mean,woman,0.47995420661561883,0.46873848598730555,0.9185032503567465,53,818,1.0s_mean
dur_2.0_attention,2.0,attention,heuristic_attention,woman,0.48894311407607377,0.47539352181453554,0.9194149357856349,53,818,2.0s_heuristic_attention
dur_2.0_max,2.0,max,max,woman,0.5753175438790425,0.5624268057274302,0.9414539400665928,53,818,2.0s_max
dur_2.0_mean,2.0,mean,mean,woman,0.4982769022224628,0.48591409819005865,0.9217139686063105,53,818,2.0s_mean
dur_4.0_attention,4.0,attention,heuristic_attention,woman,0.48573131443884027,0.4720200736401385,0.9155700015855399,53,818,4.0s_heuristic_attention
dur_4.0_max,4.0,max,max,woman,0.6086358894914392,0.5968556031725732,0.9429998414460123,53,818,4.0s_max
dur_4.0_mean,4.0,mean,mean,woman,0.4958675137143411,0.48318394784501223,0.9183050578722054,53,818,4.0s_mean
dur_8.0_attention,8.0,attention,heuristic_attention,woman,0.48059939948245306,0.4663799939205502,0.9087125416204217,53,818,8.0s_heuristic_attention
dur_8.0_max,8.0,max,max,woman,0.5618973972396969,0.5491680715848594,0.930672268907563,53,818,8.0s_max
dur_8.0_mean,8.0,mean,mean,woman,0.49075615883284945,0.4769895959974691,0.9122800063421596,53,818,8.0s_mean
